"COD_SOC","DAT_LOC","VAL_LOC","DAT_VENC","STA_PGTO","DAT_PGTO"
2548,15/12/18,4,5,18/12/18,"P",18/12/18
2548,30/12/18,1,8,01/01/19,"P",01/01/19
2548,14/01/19,7,21,16/01/19,"N",
2548,29/01/19,9,5,01/02/19,"N",
2548,13/02/19,12,16/02/19,"P",16/02/19
2548,28/02/19,5,25,02/03/19,"P",02/03/19
2579,19/05/18,2,7,21/05/18,"N",
2579,03/06/18,3,6,06/06/18,"P",06/06/18
2579,18/06/18,4,5,21/06/18,"P",24/06/18
2579,03/07/18,1,8,05/07/18,"P",05/07/18
2579,18/07/18,2,7,20/07/18,"P",23/07/18
2579,02/08/18,3,6,05/08/18,"P",05/08/18
2579,17/08/18,4,5,20/08/18,"P",20/08/18
2579,01/09/18,1,8,03/09/18,"N",
2579,16/09/18,2,7,18/09/18,"N",
2579,01/10/18,3,6,04/10/18,"N",
2579,16/10/18,4,5,19/10/18,"N",
2579,31/10/18,1,8,02/11/18,"N",
2579,15/11/18,2,7,17/11/18,"P",17/11/18
2579,30/11/18,3,6,03/12/18,"P",03/12/18
2579,15/12/18,4,5,18/12/18,"P",18/12/18
2579,30/12/18,1,8,01/01/19,"P",01/01/19
2579,14/01/19,6,75,16/01/19,"P",16/01/19
2579,29/01/19,10,5,01/02/19,"P",01/02/19
2579,13/02/19,11,75,16/02/19,"N",
2579,28/02/19,5,25,02/03/19,"N",
2590,13/02/19,8,15/02/19,"P",15/02/19
2590,28/02/19,9,5,03/03/19,"P",03/03/19
2598,14/01/19,10,81,17/01/19,"P",17/01/19
2598,29/01/19,5,25,31/01/19,"P",31/01/19
2598,13/02/19,7,5,15/02/19,"P",16/02/19
2598,28/02/19,10,5,03/03/19,"P",03/03/19
2599,30/12/18,4,5,02/01/19,"P",02/01/19
2599,14/01/19,4,73,16/01/19,"N",
2599,29/01/19,8,31/01/19,"N",
2599,13/02/19,9,5,16/02/19,"P",16/02/19
2599,28/02/19,12,03/03/19,"P",03/03/19
2617,15/11/18,1,8,17/11/18,"P",23/11/18
2617,30/11/18,2,7,02/12/18,"P",02/12/18
2617,15/12/18,3,6,18/12/18,"P",24/12/18
2617,30/12/18,4,5,02/01/19,"P",02/01/19
2617,14/01/19,5,67,16/01/19,"N",
2617,29/01/19,9,6,31/01/19,"N",
2617,13/02/19,11,4,16/02/19,"P",16/02/19
2617,28/02/19,14,4,03/03/19,"P",03/03/19
2623,01/10/18,1,8,03/10/18,"P",03/10/18
2623,16/10/18,2,7,18/10/18,"P",23/10/18
2623,31/10/18,3,6,03/11/18,"P",03/11/18
2623,15/11/18,4,5,18/11/18,"P",18/11/18
2623,30/11/18,1,8,02/12/18,"P",07/12/18
2623,15/12/18,2,7,17/12/18,"P",17/12/18
2623,30/12/18,3,6,02/01/19,"P",07/01/19
2623,14/01/19,12,96,17/01/19,"N",
2623,29/01/19,6,3,31/01/19,"N",
2623,13/02/19,9,15/02/19,"P",15/02/19
2623,28/02/19,12,6,03/03/19,"P",03/03/19
2752,02/08/18,4,5,05/08/18,"N",
2752,17/08/18,1,8,19/08/18,"N",
2752,01/09/18,2,7,03/09/18,"P",03/09/18
2752,16/09/18,3,6,19/09/18,"P",19/09/18
2752,01/10/18,4,5,04/10/18,"P",04/10/18
2752,16/10/18,1,8,18/10/18,"P",18/10/18
2752,31/10/18,2,7,02/11/18,"P",02/11/18
2752,15/11/18,3,6,18/11/18,"P",18/11/18
2752,30/11/18,4,5,03/12/18,"P",03/12/18
2752,15/12/18,1,8,17/12/18,"P",17/12/18
2752,30/12/18,2,7,01/01/19,"P",01/01/19
2752,14/01/19,10,26,17/01/19,"N",
2752,29/01/19,14,4,01/02/19,"N",
2752,13/02/19,6,3,15/02/19,"P",16/02/19
2752,28/02/19,9,02/03/19,"P",02/03/19
2770,19/05/18,3,6,22/05/18,"P",22/05/18
2770,03/06/18,4,5,06/06/18,"P",06/06/18
2770,18/06/18,1,8,20/06/18,"P",20/06/18
2770,03/07/18,2,7,05/07/18,"P",05/07/18
2770,18/07/18,3,6,21/07/18,"P",21/07/18
2770,02/08/18,4,5,05/08/18,"N",
2770,17/08/18,1,8,19/08/18,"N",
2770,01/09/18,2,7,03/09/18,"P",03/09/18
2770,16/09/18,3,6,19/09/18,"P",24/09/18
2770,01/10/18,4,5,04/10/18,"P",04/10/18
2770,16/10/18,1,8,18/10/18,"P",23/10/18
2770,31/10/18,2,7,02/11/18,"P",02/11/18
2770,15/11/18,3,6,18/11/18,"P",18/11/18
2770,30/11/18,4,5,03/12/18,"P",08/12/18
2770,15/12/18,1,8,17/12/18,"P",17/12/18
2770,30/12/18,2,7,01/01/19,"P",06/01/19
2770,14/01/19,7,56,17/01/19,"N",
2770,29/01/19,9,4,01/02/19,"N",
2770,13/02/19,4,2,15/02/19,"P",15/02/19
2770,28/02/19,6,4,02/03/19,"P",02/03/19
3045,29/01/19,11,4,01/02/19,"P",01/02/19
3045,13/02/19,14,4,16/02/19,"P",16/02/19
3045,28/02/19,6,3,02/03/19,"P",02/03/19
3136,15/12/18,2,7,17/12/18,"P",17/12/18
3136,30/12/18,3,6,02/01/19,"P",02/01/19
3136,14/01/19,12,69,17/01/19,"N",
3136,29/01/19,6,3,31/01/19,"N",
3136,13/02/19,9,6,15/02/19,"P",15/02/19
3136,28/02/19,11,4,03/03/19,"P",03/03/19
3153,15/11/18,4,5,18/11/18,"N",
3153,30/11/18,1,8,02/12/18,"N",
3153,15/12/18,2,7,17/12/18,"N",
3153,30/12/18,3,6,02/01/19,"N",
3153,14/01/19,12,69,17/01/19,"P",17/01/19
3153,29/01/19,6,3,31/01/19,"P",31/01/19
3153,13/02/19,9,6,15/02/19,"P",15/02/19
3153,28/02/19,11,4,03/03/19,"P",03/03/19
3165,01/10/18,4,5,04/10/18,"P",04/10/18
3165,16/10/18,1,8,18/10/18,"P",18/10/18
3165,31/10/18,2,7,02/11/18,"P",02/11/18
3165,15/11/18,3,6,18/11/18,"N",
3165,30/11/18,4,5,03/12/18,"N",
3165,15/12/18,1,8,17/12/18,"N",
3165,30/12/18,2,7,01/01/19,"N",
3165,14/01/19,10,26,17/01/19,"P",17/01/19
3165,29/01/19,14,4,01/02/19,"P",01/02/19
3165,13/02/19,6,3,15/02/19,"P",16/02/19
3165,28/02/19,9,02/03/19,"P",02/03/19
3414,02/08/18,3,6,05/08/18,"P",10/08/18
3414,17/08/18,4,5,20/08/18,"P",20/08/18
3414,01/09/18,1,8,03/09/18,"P",03/09/18
3414,16/09/18,2,7,18/09/18,"P",23/09/18
3414,01/10/18,3,6,04/10/18,"P",04/10/18
3414,16/10/18,4,5,19/10/18,"P",24/10/18
3414,31/10/18,1,8,02/11/18,"P",02/11/18
3414,15/11/18,2,7,17/11/18,"N",
3414,30/11/18,3,6,03/12/18,"N",
3414,15/12/18,4,5,18/12/18,"N",
3414,30/12/18,1,8,01/01/19,"N",
3414,14/01/19,8,64,16/01/19,"P",16/01/19
3414,29/01/19,11,4,01/02/19,"P",01/02/19
3414,13/02/19,14,4,16/02/19,"P",16/02/19
3414,28/02/19,6,3,02/03/19,"P",02/03/19
3481,19/05/18,2,7,21/05/18,"P",23/05/18
3481,03/06/18,3,6,06/06/18,"P",06/06/18
3481,18/06/18,4,5,21/06/18,"P",21/06/18
3481,03/07/18,1,8,05/07/18,"P",05/07/18
3481,18/07/18,2,7,20/07/18,"P",20/07/18
3481,02/08/18,3,6,05/08/18,"N",
3481,17/08/18,4,5,20/08/18,"N",
3481,01/09/18,1,8,03/09/18,"P",03/09/18
3481,16/09/18,2,7,18/09/18,"P",18/09/18
3481,01/10/18,3,6,04/10/18,"P",04/10/18
3481,16/10/18,4,5,19/10/18,"P",19/10/18
3481,31/10/18,1,8,02/11/18,"P",02/11/18
3481,15/11/18,2,7,17/11/18,"P",17/11/18
3481,30/11/18,3,6,03/12/18,"P",03/12/18
3481,15/12/18,4,5,18/12/18,"P",18/12/18
3481,30/12/18,1,8,01/01/19,"P",01/01/19
3481,14/01/19,8,1,16/01/19,"N",
3481,29/01/19,12,6,01/02/19,"N",
3481,13/02/19,14,1,16/02/19,"P",16/02/19
3481,28/02/19,6,3,02/03/19,"P",02/03/19
3489,29/01/19,9,6,31/01/19,"P",31/01/19
3489,13/02/19,11,4,16/02/19,"P",16/02/19
3489,28/02/19,14,4,03/03/19,"P",03/03/19
3501,15/12/18,1,8,17/12/18,"N",
3501,30/12/18,2,7,01/01/19,"N",
3501,14/01/19,11,34,17/01/19,"P",17/01/19
3501,29/01/19,14,1,01/02/19,"P",01/02/19
3501,13/02/19,6,3,15/02/19,"P",16/02/19
3501,28/02/19,9,6,02/03/19,"P",02/03/19
3579,15/11/18,3,6,18/11/18,"N",
3579,30/11/18,4,5,03/12/18,"N",
3579,15/12/18,1,8,17/12/18,"N",
3579,30/12/18,2,7,01/01/19,"N",
3579,14/01/19,11,34,17/01/19,"P",17/01/19
3579,29/01/19,14,1,01/02/19,"P",01/02/19
3579,13/02/19,6,3,15/02/19,"P",15/02/19
3579,28/02/19,9,6,02/03/19,"P",02/03/19
3616,01/10/18,3,6,04/10/18,"P",04/10/18
3616,16/10/18,4,5,19/10/18,"P",19/10/18
3616,31/10/18,1,8,02/11/18,"P",06/11/18
3616,15/11/18,2,7,17/11/18,"P",17/11/18
3616,30/11/18,3,6,03/12/18,"P",03/12/18
3616,15/12/18,4,5,18/12/18,"P",18/12/18
3616,30/12/18,1,8,01/01/19,"P",01/01/19
3616,14/01/19,8,64,16/01/19,"N",
3616,29/01/19,11,4,01/02/19,"N",
3616,13/02/19,14,4,16/02/19,"P",16/02/19
3616,28/02/19,6,3,02/03/19,"P",02/03/19
3634,02/08/18,2,7,04/08/18,"N",
3634,17/08/18,3,6,20/08/18,"N",
3634,01/09/18,4,5,04/09/18,"P",04/09/18
3634,16/09/18,1,8,18/09/18,"P",18/09/18
3634,01/10/18,2,7,03/10/18,"P",03/10/18
3634,16/10/18,3,6,19/10/18,"P",19/10/18
3634,31/10/18,4,5,03/11/18,"P",03/11/18
3634,15/11/18,1,8,17/11/18,"P",17/11/18
3634,30/11/18,2,7,02/12/18,"P",02/12/18
3634,15/12/18,3,6,18/12/18,"P",18/12/18
3634,30/12/18,4,5,02/01/19,"P",02/01/19
3634,14/01/19,5,67,16/01/19,"N",
3634,29/01/19,9,6,31/01/19,"N",
3634,13/02/19,11,4,16/02/19,"P",17/02/19
3634,28/02/19,14,4,03/03/19,"P",03/03/19
3670,19/05/18,1,8,21/05/18,"P",23/05/18
3670,03/06/18,2,7,05/06/18,"P",05/06/18
3670,18/06/18,3,6,21/06/18,"P",21/06/18
3670,03/07/18,4,5,06/07/18,"P",06/07/18
3670,18/07/18,1,8,20/07/18,"P",20/07/18
3670,02/08/18,2,7,04/08/18,"N",
3670,17/08/18,3,6,20/08/18,"N",
3670,01/09/18,4,5,04/09/18,"P",04/09/18
3670,16/09/18,1,8,18/09/18,"P",18/09/18
3670,01/10/18,2,7,03/10/18,"P",03/10/18
3670,16/10/18,3,6,19/10/18,"P",19/10/18
3670,31/10/18,4,5,03/11/18,"P",03/11/18
3670,15/11/18,1,8,17/11/18,"P",17/11/18
3670,30/11/18,2,7,02/12/18,"P",02/12/18
3670,15/12/18,3,6,18/12/18,"P",18/12/18
3670,30/12/18,4,5,02/01/19,"P",02/01/19
3670,14/01/19,5,67,16/01/19,"N",
3670,29/01/19,9,31/01/19,"N",
3670,13/02/19,12,6,16/02/19,"P",16/02/19
3670,28/02/19,14,1,03/03/19,"P",03/03/19
3721,29/01/19,6,3,31/01/19,"N",
3721,13/02/19,9,6,15/02/19,"P",15/02/19
3721,28/02/19,11,4,03/03/19,"P",03/03/19
3724,15/12/18,4,5,18/12/18,"P",18/12/18
3724,30/12/18,1,8,01/01/19,"P",01/01/19
3724,14/01/19,8,1,16/01/19,"N",
3724,29/01/19,12,6,01/02/19,"N",
3724,13/02/19,14,1,16/02/19,"P",16/02/19
3724,28/02/19,6,3,02/03/19,"P",02/03/19
3765,15/11/18,2,7,17/11/18,"N",
3765,30/11/18,3,6,03/12/18,"N",
3765,15/12/18,4,5,18/12/18,"N",
3765,30/12/18,1,8,01/01/19,"N",
3765,14/01/19,8,1,16/01/19,"P",16/01/19
3765,29/01/19,12,6,01/02/19,"P",07/02/19
3765,13/02/19,14,1,16/02/19,"P",16/02/19
3765,28/02/19,6,3,02/03/19,"P",02/03/19
3949,01/10/18,2,7,03/10/18,"P",03/10/18
3949,16/10/18,3,6,19/10/18,"P",19/10/18
3949,31/10/18,4,5,03/11/18,"P",03/11/18
3949,15/11/18,1,8,17/11/18,"P",17/11/18
3949,30/11/18,2,7,02/12/18,"P",02/12/18
3949,15/12/18,3,6,18/12/18,"P",18/12/18
3949,30/12/18,4,5,02/01/19,"P",02/01/19
3949,14/01/19,5,67,16/01/19,"N",
3949,29/01/19,9,6,31/01/19,"N",
3949,13/02/19,11,4,16/02/19,"P",17/02/19
3949,28/02/19,14,4,03/03/19,"P",03/03/19
3961,02/08/18,1,8,04/08/18,"N",
3961,17/08/18,2,7,19/08/18,"N",
3961,01/09/18,3,6,04/09/18,"P",10/09/18
3961,16/09/18,4,5,19/09/18,"P",19/09/18
3961,01/10/18,1,8,03/10/18,"P",09/10/18
3961,16/10/18,2,7,18/10/18,"P",18/10/18
3961,31/10/18,3,6,03/11/18,"P",03/11/18
3961,15/11/18,4,5,18/11/18,"P",24/11/18
3961,30/11/18,1,8,02/12/18,"P",02/12/18
3961,15/12/18,2,7,17/12/18,"P",23/12/18
3961,30/12/18,3,6,02/01/19,"P",02/01/19
3961,14/01/19,10,58,17/01/19,"N",
3961,29/01/19,5,25,31/01/19,"N",
3961,13/02/19,8,15/02/19,"P",15/02/19
3961,28/02/19,9,5,03/03/19,"P",03/03/19
3977,19/05/18,4,5,22/05/18,"N",
3977,03/06/18,1,8,05/06/18,"P",05/06/18
3977,18/06/18,2,7,20/06/18,"P",20/06/18
3977,03/07/18,3,6,06/07/18,"P",06/07/18
3977,18/07/18,4,5,21/07/18,"P",21/07/18
3977,02/08/18,1,8,04/08/18,"P",04/08/18
3977,17/08/18,2,7,19/08/18,"P",19/08/18
3977,01/09/18,3,6,04/09/18,"N",
3977,16/09/18,4,5,19/09/18,"N",
3977,01/10/18,1,8,03/10/18,"N",
3977,16/10/18,2,7,18/10/18,"N",
3977,31/10/18,3,6,03/11/18,"N",
3977,15/11/18,4,5,18/11/18,"P",18/11/18
3977,30/11/18,1,8,02/12/18,"P",02/12/18
3977,15/12/18,2,7,17/12/18,"P",17/12/18
3977,30/12/18,3,6,02/01/19,"P",02/01/19
3977,14/01/19,10,81,17/01/19,"P",17/01/19
3977,29/01/19,5,25,31/01/19,"P",31/01/19
3977,13/02/19,7,5,15/02/19,"N",
3977,28/02/19,10,5,03/03/19,"N",
3996,29/01/19,11,75,01/02/19,"P",07/02/19
3996,13/02/19,5,25,15/02/19,"P",15/02/19
3996,28/02/19,8,02/03/19,"P",02/03/19
3998,15/12/18,3,6,18/12/18,"P",18/12/18
3998,30/12/18,4,5,02/01/19,"P",02/01/19
3998,14/01/19,4,73,16/01/19,"P",16/01/19
3998,29/01/19,7,5,31/01/19,"P",31/01/19
3998,13/02/19,10,5,16/02/19,"N",
3998,28/02/19,11,75,03/03/19,"N",
4000,15/11/18,1,8,17/11/18,"P",17/11/18
4000,30/11/18,2,7,02/12/18,"P",02/12/18
4000,15/12/18,3,6,18/12/18,"P",18/12/18
4000,30/12/18,4,5,02/01/19,"P",02/01/19
4000,14/01/19,4,73,16/01/19,"N",
4000,29/01/19,7,5,31/01/19,"N",
4000,13/02/19,10,5,16/02/19,"P",16/02/19
4000,28/02/19,11,75,03/03/19,"P",03/03/19
4003,01/10/18,1,8,03/10/18,"P",09/10/18
4003,16/10/18,2,7,18/10/18,"P",18/10/18
4003,31/10/18,3,6,03/11/18,"P",03/11/18
4003,15/11/18,4,5,18/11/18,"P",24/11/18
4003,30/11/18,1,8,02/12/18,"P",02/12/18
4003,15/12/18,2,7,17/12/18,"P",23/12/18
4003,30/12/18,3,6,02/01/19,"P",02/01/19
4003,14/01/19,10,58,17/01/19,"N",
4003,29/01/19,5,25,31/01/19,"N",
4003,13/02/19,8,15/02/19,"P",15/02/19
4003,28/02/19,9,5,03/03/19,"P",03/03/19
4010,02/08/18,4,5,05/08/18,"P",05/08/18
4010,17/08/18,1,8,19/08/18,"P",19/08/18
4010,01/09/18,2,7,03/09/18,"N",
4010,16/09/18,3,6,19/09/18,"N",
4010,01/10/18,4,5,04/10/18,"N",
4010,16/10/18,1,8,18/10/18,"N",
4010,31/10/18,2,7,02/11/18,"N",
4010,15/11/18,3,6,18/11/18,"P",24/11/18
4010,30/11/18,4,5,03/12/18,"P",03/12/18
4010,15/12/18,1,8,17/12/18,"P",23/12/18
4010,30/12/18,2,7,01/01/19,"P",01/01/19
4010,14/01/19,11,34,17/01/19,"P",17/01/19
4010,29/01/19,14,1,01/02/19,"P",07/02/19
4010,13/02/19,6,3,15/02/19,"N",
4010,28/02/19,9,6,02/03/19,"N",
4013,19/05/18,3,6,22/05/18,"N",
4013,03/06/18,4,5,06/06/18,"P",06/06/18
4013,18/06/18,1,8,20/06/18,"P",20/06/18
4013,03/07/18,2,7,05/07/18,"P",05/07/18
4013,18/07/18,3,6,21/07/18,"P",21/07/18
4013,02/08/18,4,5,05/08/18,"P",05/08/18
4013,17/08/18,1,8,19/08/18,"P",19/08/18
4013,01/09/18,2,7,03/09/18,"N",
4013,16/09/18,3,6,19/09/18,"N",
4013,01/10/18,4,5,04/10/18,"N",
4013,16/10/18,1,8,18/10/18,"N",
4013,31/10/18,2,7,02/11/18,"N",
4013,15/11/18,3,6,18/11/18,"P",18/11/18
4013,30/11/18,4,5,03/12/18,"P",03/12/18
4013,15/12/18,1,8,17/12/18,"P",17/12/18
4013,30/12/18,2,7,01/01/19,"P",01/01/19
4013,14/01/19,8,56,17/01/19,"P",17/01/19
4013,29/01/19,12,01/02/19,"P",01/02/19
4013,13/02/19,5,25,15/02/19,"N",
4013,28/02/19,7,5,02/03/19,"N",
4073,14/01/19,7,56,17/01/19,"P",17/01/19
4073,29/01/19,9,4,01/02/19,"P",07/02/19
4073,13/02/19,4,2,15/02/19,"N",
4073,28/02/19,6,4,02/03/19,"N",
4091,30/12/18,3,6,02/01/19,"P",02/01/19
4091,14/01/19,8,64,17/01/19,"P",17/01/19
4091,29/01/19,4,2,31/01/19,"P",31/01/19
4091,13/02/19,6,15/02/19,"N",
4091,28/02/19,8,4,03/03/19,"N",
4144,15/11/18,4,5,18/11/18,"P",18/11/18
4144,30/11/18,1,8,02/12/18,"P",02/12/18
4144,15/12/18,2,7,17/12/18,"P",17/12/18
4144,30/12/18,3,6,02/01/19,"P",02/01/19
4144,14/01/19,8,64,17/01/19,"N",
4144,29/01/19,4,2,31/01/19,"N",
4144,13/02/19,6,15/02/19,"P",15/02/19
4144,28/02/19,8,4,03/03/19,"P",03/03/19
4170,01/10/18,4,5,04/10/18,"P",04/10/18
4170,16/10/18,1,8,18/10/18,"P",23/10/18
4170,31/10/18,2,7,02/11/18,"P",02/11/18
4170,15/11/18,3,6,18/11/18,"N",
4170,30/11/18,4,5,03/12/18,"N",
4170,15/12/18,1,8,17/12/18,"N",
4170,30/12/18,2,7,01/01/19,"N",
4170,14/01/19,7,56,17/01/19,"P",17/01/19
4170,29/01/19,9,4,01/02/19,"P",01/02/19
4170,13/02/19,4,2,15/02/19,"P",15/02/19
4170,28/02/19,6,4,02/03/19,"P",02/03/19
4172,02/08/18,3,6,05/08/18,"P",05/08/18
4172,17/08/18,4,5,20/08/18,"P",20/08/18
4172,01/09/18,1,8,03/09/18,"N",
4172,16/09/18,2,7,18/09/18,"N",
4172,01/10/18,3,6,04/10/18,"N",
4172,16/10/18,4,5,19/10/18,"N",
4172,31/10/18,1,8,02/11/18,"N",
4172,15/11/18,2,7,17/11/18,"P",17/11/18
4172,30/11/18,3,6,03/12/18,"P",03/12/18
4172,15/12/18,4,5,18/12/18,"P",18/12/18
4172,30/12/18,1,8,01/01/19,"P",01/01/19
4172,14/01/19,5,4,16/01/19,"P",16/01/19
4172,29/01/19,8,4,01/02/19,"P",01/02/19
4172,13/02/19,9,4,16/02/19,"N",
4172,28/02/19,4,2,02/03/19,"N",
4180,19/05/18,2,7,21/05/18,"P",21/05/18
4180,03/06/18,3,6,06/06/18,"P",06/06/18
4180,18/06/18,4,5,21/06/18,"P",21/06/18
4180,03/07/18,1,8,05/07/18,"P",05/07/18
4180,18/07/18,2,7,20/07/18,"P",20/07/18
4180,02/08/18,3,6,05/08/18,"N",
4180,17/08/18,4,5,20/08/18,"N",
4180,01/09/18,1,8,03/09/18,"P",03/09/18
4180,16/09/18,2,7,18/09/18,"P",18/09/18
4180,01/10/18,3,6,04/10/18,"P",04/10/18
4180,16/10/18,4,5,19/10/18,"P",19/10/18
4180,31/10/18,1,8,02/11/18,"P",02/11/18
4180,15/11/18,2,7,17/11/18,"P",17/11/18
4180,30/11/18,3,6,03/12/18,"P",03/12/18
4180,15/12/18,4,5,18/12/18,"P",18/12/18
4180,30/12/18,1,8,01/01/19,"P",01/01/19
4180,14/01/19,5,76,16/01/19,"N",
4180,29/01/19,7,6,01/02/19,"N",
4180,13/02/19,9,6,16/02/19,"P",17/02/19
4180,28/02/19,4,2,02/03/19,"P",02/03/19
4307,14/01/19,5,4,16/01/19,"P",16/01/19
4307,29/01/19,8,4,01/02/19,"P",01/02/19
4307,13/02/19,9,4,16/02/19,"N",
4307,28/02/19,4,2,02/03/19,"N",
4583,30/12/18,2,7,01/01/19,"P",06/01/19
4583,14/01/19,8,56,17/01/19,"P",17/01/19
4583,29/01/19,12,01/02/19,"P",01/02/19
4583,13/02/19,5,25,15/02/19,"N",
4583,28/02/19,7,5,02/03/19,"N",
4625,15/11/18,3,6,18/11/18,"P",18/11/18
4625,30/11/18,4,5,03/12/18,"P",08/12/18
4625,15/12/18,1,8,17/12/18,"P",17/12/18
4625,30/12/18,2,7,01/01/19,"P",06/01/19
4625,14/01/19,6,84,17/01/19,"P",17/01/19
4625,29/01/19,9,6,01/02/19,"P",01/02/19
4625,13/02/19,4,2,15/02/19,"N",
4625,28/02/19,6,02/03/19,"N",
4830,01/10/18,3,6,04/10/18,"P",04/10/18
4830,16/10/18,4,5,19/10/18,"P",19/10/18
4830,31/10/18,1,8,02/11/18,"P",02/11/18
4830,15/11/18,2,7,17/11/18,"N",
4830,30/11/18,3,6,03/12/18,"N",
4830,15/12/18,4,5,18/12/18,"N",
4830,30/12/18,1,8,01/01/19,"N",
4830,14/01/19,8,1,16/01/19,"P",16/01/19
4830,29/01/19,12,6,01/02/19,"P",01/02/19
4830,13/02/19,14,1,16/02/19,"P",16/02/19
4830,28/02/19,6,3,02/03/19,"P",02/03/19
4921,02/08/18,2,7,04/08/18,"N",
4921,17/08/18,3,6,20/08/18,"N",
4921,01/09/18,4,5,04/09/18,"P",04/09/18
4921,16/09/18,1,8,18/09/18,"P",18/09/18
4921,01/10/18,2,7,03/10/18,"P",03/10/18
4921,16/10/18,3,6,19/10/18,"P",19/10/18
4921,31/10/18,4,5,03/11/18,"P",03/11/18
4921,15/11/18,1,8,17/11/18,"P",17/11/18
4921,30/11/18,2,7,02/12/18,"P",02/12/18
4921,15/12/18,3,6,18/12/18,"P",18/12/18
4921,30/12/18,4,5,02/01/19,"P",02/01/19
4921,14/01/19,3,78,16/01/19,"N",
4921,29/01/19,6,31/01/19,"N",
4921,13/02/19,8,4,16/02/19,"P",16/02/19
4921,28/02/19,9,4,03/03/19,"P",03/03/19
5099,19/05/18,1,8,21/05/18,"N",
5099,03/06/18,2,7,05/06/18,"P",05/06/18
5099,18/06/18,3,6,21/06/18,"P",24/06/18
5099,03/07/18,4,5,06/07/18,"P",06/07/18
5099,18/07/18,1,8,20/07/18,"P",23/07/18
5099,02/08/18,2,7,04/08/18,"P",04/08/18
5099,17/08/18,3,6,20/08/18,"P",20/08/18
5099,01/09/18,4,5,04/09/18,"N",
5099,16/09/18,1,8,18/09/18,"N",
5099,01/10/18,2,7,03/10/18,"N",
5099,16/10/18,3,6,19/10/18,"N",
5099,31/10/18,4,5,03/11/18,"N",
5099,15/11/18,1,8,17/11/18,"P",17/11/18
5099,30/11/18,2,7,02/12/18,"P",02/12/18
5099,15/12/18,3,6,18/12/18,"P",18/12/18
5099,30/12/18,4,5,02/01/19,"P",02/01/19
5099,14/01/19,5,67,16/01/19,"P",16/01/19
5099,29/01/19,9,6,31/01/19,"P",31/01/19
5099,13/02/19,11,4,16/02/19,"N",
5099,28/02/19,14,4,03/03/19,"N",
5160,30/12/18,1,8,01/01/19,"N",
5160,14/01/19,5,4,16/01/19,"P",16/01/19
5160,29/01/19,8,4,01/02/19,"P",01/02/19
5160,13/02/19,9,4,16/02/19,"P",17/02/19
5160,28/02/19,4,2,02/03/19,"P",02/03/19
5538,15/11/18,2,7,17/11/18,"N",
5538,30/11/18,3,6,03/12/18,"N",
5538,15/12/18,4,5,18/12/18,"N",
5538,30/12/18,1,8,01/01/19,"N",
5538,14/01/19,6,75,16/01/19,"P",16/01/19
5538,29/01/19,10,5,01/02/19,"P",01/02/19
5538,13/02/19,11,75,16/02/19,"P",17/02/19
5538,28/02/19,5,25,02/03/19,"P",02/03/19
5539,01/10/18,2,7,03/10/18,"P",03/10/18
5539,16/10/18,3,6,19/10/18,"P",19/10/18
5539,31/10/18,4,5,03/11/18,"P",03/11/18
5539,15/11/18,1,8,17/11/18,"P",17/11/18
5539,30/11/18,2,7,02/12/18,"P",02/12/18
5539,15/12/18,3,6,18/12/18,"P",18/12/18
5539,30/12/18,4,5,02/01/19,"P",02/01/19
5539,14/01/19,4,73,16/01/19,"N",
5539,29/01/19,8,31/01/19,"N",
5539,13/02/19,9,5,16/02/19,"P",16/02/19
5539,28/02/19,12,03/03/19,"P",03/03/19
5547,02/08/18,1,8,04/08/18,"P",04/08/18
5547,17/08/18,2,7,19/08/18,"P",19/08/18
5547,01/09/18,3,6,04/09/18,"P",04/09/18
5547,16/09/18,4,5,19/09/18,"P",19/09/18
5547,01/10/18,1,8,03/10/18,"P",03/10/18
5547,16/10/18,2,7,18/10/18,"P",18/10/18
5547,31/10/18,3,6,03/11/18,"P",03/11/18
5547,15/11/18,4,5,18/11/18,"N",
5547,30/11/18,1,8,02/12/18,"N",
5547,15/12/18,2,7,17/12/18,"N",
5547,30/12/18,3,6,02/01/19,"N",
5547,14/01/19,10,58,17/01/19,"P",17/01/19
5547,29/01/19,5,25,31/01/19,"P",31/01/19
5547,13/02/19,8,15/02/19,"P",15/02/19
5547,28/02/19,9,5,03/03/19,"P",03/03/19
5550,19/05/18,4,5,22/05/18,"P",22/05/18
5550,03/06/18,1,8,05/06/18,"N",
5550,18/06/18,2,7,20/06/18,"N",
5550,03/07/18,3,6,06/07/18,"N",
5550,18/07/18,4,5,21/07/18,"N",
5550,02/08/18,1,8,04/08/18,"P",04/08/18
5550,17/08/18,2,7,19/08/18,"P",19/08/18
5550,01/09/18,3,6,04/09/18,"P",10/09/18
5550,16/09/18,4,5,19/09/18,"P",19/09/18
5550,01/10/18,1,8,03/10/18,"P",09/10/18
5550,16/10/18,2,7,18/10/18,"P",18/10/18
5550,31/10/18,3,6,03/11/18,"P",03/11/18
5550,15/11/18,4,5,18/11/18,"N",
5550,30/11/18,1,8,02/12/18,"N",
5550,15/12/18,2,7,17/12/18,"N",
5550,30/12/18,3,6,02/01/19,"N",
5550,14/01/19,10,81,17/01/19,"P",17/01/19
5550,29/01/19,5,25,31/01/19,"P",06/02/19
5550,13/02/19,7,5,15/02/19,"P",15/02/19
5550,28/02/19,10,5,03/03/19,"P",03/03/19
5558,30/12/18,4,5,02/01/19,"P",02/01/19
5558,14/01/19,4,73,16/01/19,"P",16/01/19
5558,29/01/19,8,31/01/19,"P",31/01/19
5558,13/02/19,9,5,16/02/19,"N",
5558,28/02/19,12,03/03/19,"N",
5571,15/11/18,1,8,17/11/18,"N",
5571,30/11/18,2,7,02/12/18,"N",
5571,15/12/18,3,6,18/12/18,"N",
5571,30/12/18,4,5,02/01/19,"N",
5571,14/01/19,4,73,16/01/19,"P",16/01/19
5571,29/01/19,8,31/01/19,"P",06/02/19
5571,13/02/19,9,5,16/02/19,"P",16/02/19
5571,28/02/19,12,03/03/19,"P",03/03/19
5653,01/10/18,1,8,03/10/18,"P",03/10/18
5653,16/10/18,2,7,18/10/18,"P",18/10/18
5653,31/10/18,3,6,03/11/18,"P",07/11/18
5653,15/11/18,4,5,18/11/18,"P",18/11/18
5653,30/11/18,1,8,02/12/18,"P",02/12/18
5653,15/12/18,2,7,17/12/18,"P",17/12/18
5653,30/12/18,3,6,02/01/19,"P",02/01/19
5653,14/01/19,10,81,17/01/19,"N",
5653,29/01/19,5,25,31/01/19,"N",
5653,13/02/19,7,5,15/02/19,"P",15/02/19
5653,28/02/19,10,5,03/03/19,"P",03/03/19
5674,02/08/18,4,5,05/08/18,"N",
5674,17/08/18,1,8,19/08/18,"N",
5674,01/09/18,2,7,03/09/18,"P",03/09/18
5674,16/09/18,3,6,19/09/18,"P",19/09/18
5674,01/10/18,4,5,04/10/18,"P",04/10/18
5674,16/10/18,1,8,18/10/18,"P",18/10/18
5674,31/10/18,2,7,02/11/18,"P",06/11/18
5674,15/11/18,3,6,18/11/18,"P",18/11/18
5674,30/11/18,4,5,03/12/18,"P",03/12/18
5674,15/12/18,1,8,17/12/18,"P",17/12/18
5674,30/12/18,2,7,01/01/19,"P",01/01/19
5674,14/01/19,8,56,17/01/19,"N",
5674,29/01/19,12,01/02/19,"N",
5674,13/02/19,5,25,15/02/19,"P",15/02/19
5674,28/02/19,7,5,02/03/19,"P",02/03/19
6465,19/05/18,3,6,22/05/18,"P",22/05/18
6465,03/06/18,4,5,06/06/18,"N",
6465,18/06/18,1,8,20/06/18,"N",
6465,03/07/18,2,7,05/07/18,"N",
6465,18/07/18,3,6,21/07/18,"N",
6465,02/08/18,4,5,05/08/18,"P",05/08/18
6465,17/08/18,1,8,19/08/18,"P",23/08/18
6465,01/09/18,2,7,03/09/18,"P",03/09/18
6465,16/09/18,3,6,19/09/18,"P",19/09/18
6465,01/10/18,4,5,04/10/18,"P",04/10/18
6465,16/10/18,1,8,18/10/18,"P",18/10/18
6465,31/10/18,2,7,02/11/18,"P",06/11/18
6465,15/11/18,3,6,18/11/18,"N",
6465,30/11/18,4,5,03/12/18,"N",
6465,15/12/18,1,8,17/12/18,"N",
6465,30/12/18,2,7,01/01/19,"N",
6465,14/01/19,11,34,17/01/19,"P",17/01/19
6465,29/01/19,14,1,01/02/19,"P",01/02/19
6465,13/02/19,6,3,15/02/19,"P",15/02/19
6465,28/02/19,9,6,02/03/19,"P",02/03/19
6541,15/12/18,3,6,18/12/18,"P",18/12/18
6541,30/12/18,4,5,02/01/19,"P",02/01/19
6541,14/01/19,5,67,16/01/19,"N",
6541,29/01/19,9,31/01/19,"N",
6541,13/02/19,12,6,16/02/19,"P",16/02/19
6541,28/02/19,14,1,03/03/19,"P",03/03/19
6549,15/11/18,1,8,17/11/18,"N",
6549,30/11/18,2,7,02/12/18,"N",
6549,15/12/18,3,6,18/12/18,"N",
6549,30/12/18,4,5,02/01/19,"N",
6549,14/01/19,5,67,16/01/19,"P",16/01/19
6549,29/01/19,9,31/01/19,"P",31/01/19
6549,13/02/19,12,6,16/02/19,"P",16/02/19
6549,28/02/19,14,1,03/03/19,"P",03/03/19
6762,01/10/18,1,8,03/10/18,"P",03/10/18
6762,16/10/18,2,7,18/10/18,"P",18/10/18
6762,31/10/18,3,6,03/11/18,"P",03/11/18
6762,15/11/18,4,5,18/11/18,"N",
6762,30/11/18,1,8,02/12/18,"N",
6762,15/12/18,2,7,17/12/18,"N",
6762,30/12/18,3,6,02/01/19,"N",
6762,14/01/19,12,69,17/01/19,"P",17/01/19
6762,29/01/19,6,3,31/01/19,"P",31/01/19
6762,13/02/19,9,6,15/02/19,"P",15/02/19
6762,28/02/19,11,4,03/03/19,"P",03/03/19
6766,02/08/18,4,5,05/08/18,"N",
6766,17/08/18,1,8,19/08/18,"N",
6766,01/09/18,2,7,03/09/18,"P",03/09/18
6766,16/09/18,3,6,19/09/18,"P",19/09/18
6766,01/10/18,4,5,04/10/18,"P",04/10/18
6766,16/10/18,1,8,18/10/18,"P",18/10/18
6766,31/10/18,2,7,02/11/18,"P",06/11/18
6766,15/11/18,3,6,18/11/18,"P",18/11/18
6766,30/11/18,4,5,03/12/18,"P",03/12/18
6766,15/12/18,1,8,17/12/18,"P",17/12/18
6766,30/12/18,2,7,01/01/19,"P",01/01/19
6766,14/01/19,7,56,17/01/19,"N",
6766,29/01/19,9,4,01/02/19,"N",
6766,13/02/19,4,2,15/02/19,"P",15/02/19
6766,28/02/19,6,4,02/03/19,"P",02/03/19
6774,19/05/18,3,6,22/05/18,"P",22/05/18
6774,03/06/18,4,5,06/06/18,"N",
6774,18/06/18,1,8,20/06/18,"N",
6774,03/07/18,2,7,05/07/18,"N",
1094,15/11/18,2,7,17/11/18,"P",17/11/18
1094,30/11/18,3,6,03/12/18,"P",03/12/18
1094,15/12/18,4,5,18/12/18,"P",18/12/18
1094,30/12/18,1,8,01/01/19,"P",01/01/19
1094,14/01/19,6,75,16/01/19,"P",16/01/19
1094,29/01/19,10,5,01/02/19,"P",01/02/19
1094,13/02/19,11,75,16/02/19,"N",
1094,28/02/19,5,25,02/03/19,"N",
1113,01/10/18,2,7,03/10/18,"P",03/10/18
1113,16/10/18,3,6,19/10/18,"P",19/10/18
1113,31/10/18,4,5,03/11/18,"P",03/11/18
1113,15/11/18,1,8,17/11/18,"N",
1113,30/11/18,2,7,02/12/18,"N",
1113,15/12/18,3,6,18/12/18,"N",
1113,30/12/18,4,5,02/01/19,"N",
1113,14/01/19,4,73,16/01/19,"P",16/01/19
1113,29/01/19,8,31/01/19,"P",31/01/19
1113,13/02/19,9,5,16/02/19,"P",16/02/19
1113,28/02/19,12,03/03/19,"P",03/03/19
1124,02/08/18,1,8,04/08/18,"P",04/08/18
1124,17/08/18,2,7,19/08/18,"P",23/08/18
1124,01/09/18,3,6,04/09/18,"N",
1124,16/09/18,4,5,19/09/18,"N",
1124,01/10/18,1,8,03/10/18,"N",
1124,16/10/18,2,7,18/10/18,"N",
1124,31/10/18,3,6,03/11/18,"N",
1124,15/11/18,4,5,18/11/18,"P",18/11/18
1124,30/11/18,1,8,02/12/18,"P",02/12/18
1124,15/12/18,2,7,17/12/18,"P",17/12/18
1124,30/12/18,3,6,02/01/19,"P",02/01/19
1124,14/01/19,10,58,17/01/19,"P",17/01/19
1124,29/01/19,5,25,31/01/19,"P",31/01/19
1124,13/02/19,8,15/02/19,"N",
1124,28/02/19,9,5,03/03/19,"N",
1135,19/05/18,4,5,22/05/18,"P",22/05/18
1135,03/06/18,1,8,05/06/18,"P",05/06/18
1135,18/06/18,2,7,20/06/18,"P",20/06/18
1135,03/07/18,3,6,06/07/18,"P",06/07/18
1135,18/07/18,4,5,21/07/18,"P",21/07/18
1135,02/08/18,1,8,04/08/18,"N",
1135,17/08/18,2,7,19/08/18,"N",
1135,01/09/18,3,6,04/09/18,"P",04/09/18
1135,16/09/18,4,5,19/09/18,"P",19/09/18
1135,01/10/18,1,8,03/10/18,"P",03/10/18
1135,16/10/18,2,7,18/10/18,"P",18/10/18
1135,31/10/18,3,6,03/11/18,"P",03/11/18
1135,15/11/18,4,5,18/11/18,"P",18/11/18
1135,30/11/18,1,8,02/12/18,"P",02/12/18
1135,15/12/18,2,7,17/12/18,"P",17/12/18
1135,30/12/18,3,6,02/01/19,"P",02/01/19
1135,14/01/19,10,81,17/01/19,"N",
1135,29/01/19,5,25,31/01/19,"N",
1135,13/02/19,7,5,15/02/19,"P",16/02/19
1135,28/02/19,10,5,03/03/19,"P",03/03/19
1280,28/02/19,14,1,03/03/19,"N",
1332,13/02/19,6,3,15/02/19,"P",15/02/19
1332,28/02/19,9,6,02/03/19,"P",02/03/19
1334,14/01/19,10,26,17/01/19,"P",17/01/19
1334,29/01/19,14,4,01/02/19,"P",01/02/19
1334,13/02/19,6,3,15/02/19,"N",
1334,28/02/19,9,02/03/19,"N",
1337,30/12/18,3,6,02/01/19,"P",02/01/19
1337,14/01/19,12,69,17/01/19,"P",17/01/19
1337,29/01/19,6,3,31/01/19,"P",31/01/19
1337,13/02/19,9,6,15/02/19,"N",
1337,28/02/19,11,4,03/03/19,"N",
1343,15/11/18,4,5,18/11/18,"P",24/11/18
1343,30/11/18,1,8,02/12/18,"P",02/12/18
1343,15/12/18,2,7,17/12/18,"P",23/12/18
1343,30/12/18,3,6,02/01/19,"P",02/01/19
1343,14/01/19,12,69,17/01/19,"P",17/01/19
1343,29/01/19,6,3,31/01/19,"P",06/02/19
1343,13/02/19,9,6,15/02/19,"N",
1343,28/02/19,11,4,03/03/19,"N",
1349,01/10/18,4,5,04/10/18,"N",
1349,16/10/18,1,8,18/10/18,"N",
1349,31/10/18,2,7,02/11/18,"N",
1349,15/11/18,3,6,18/11/18,"P",18/11/18
1349,30/11/18,4,5,03/12/18,"P",08/12/18
1349,15/12/18,1,8,17/12/18,"P",17/12/18
1349,30/12/18,2,7,01/01/19,"P",06/01/19
1349,14/01/19,10,26,17/01/19,"P",17/01/19
1349,29/01/19,14,4,01/02/19,"P",01/02/19
1349,13/02/19,6,3,15/02/19,"N",
1349,28/02/19,9,02/03/19,"N",
1350,02/08/18,3,6,05/08/18,"P",05/08/18
1350,17/08/18,4,5,20/08/18,"P",20/08/18
1350,01/09/18,1,8,03/09/18,"P",09/09/18
1350,16/09/18,2,7,18/09/18,"P",18/09/18
1350,01/10/18,3,6,04/10/18,"P",10/10/18
1350,16/10/18,4,5,19/10/18,"P",19/10/18
1350,31/10/18,1,8,02/11/18,"P",02/11/18
1350,15/11/18,2,7,17/11/18,"N",
1350,30/11/18,3,6,03/12/18,"N",
1350,15/12/18,4,5,18/12/18,"N",
1350,30/12/18,1,8,01/01/19,"N",
1350,14/01/19,8,64,16/01/19,"P",16/01/19
1350,29/01/19,11,4,01/02/19,"P",07/02/19
1350,13/02/19,14,4,16/02/19,"P",16/02/19
1350,28/02/19,6,3,02/03/19,"P",02/03/19
1351,19/05/18,2,7,21/05/18,"P",21/05/18
1351,03/06/18,3,6,06/06/18,"P",06/06/18
1351,18/06/18,4,5,21/06/18,"P",21/06/18
1351,03/07/18,1,8,05/07/18,"P",05/07/18
1351,18/07/18,2,7,20/07/18,"P",20/07/18
1351,02/08/18,3,6,05/08/18,"N",
1351,17/08/18,4,5,20/08/18,"N",
1351,01/09/18,1,8,03/09/18,"P",03/09/18
1351,16/09/18,2,7,18/09/18,"P",18/09/18
1351,01/10/18,3,6,04/10/18,"P",04/10/18
1351,16/10/18,4,5,19/10/18,"P",19/10/18
1351,31/10/18,1,8,02/11/18,"P",02/11/18
1351,15/11/18,2,7,17/11/18,"P",17/11/18
1351,30/11/18,3,6,03/12/18,"P",03/12/18
1351,15/12/18,4,5,18/12/18,"P",18/12/18
1351,30/12/18,1,8,01/01/19,"P",01/01/19
1351,14/01/19,8,1,16/01/19,"N",
1351,29/01/19,12,6,01/02/19,"N",
1351,13/02/19,14,1,16/02/19,"P",16/02/19
1351,28/02/19,6,3,02/03/19,"P",02/03/19
1354,28/02/19,9,6,02/03/19,"P",02/03/19
1356,13/02/19,11,4,16/02/19,"P",16/02/19
1356,28/02/19,14,4,03/03/19,"P",03/03/19
1363,14/01/19,5,67,16/01/19,"N",
1363,29/01/19,9,31/01/19,"N",
1363,13/02/19,12,6,16/02/19,"P",16/02/19
1363,28/02/19,14,1,03/03/19,"P",03/03/19
1367,30/12/18,1,8,01/01/19,"P",01/01/19
1367,14/01/19,8,64,16/01/19,"P",16/01/19
1367,29/01/19,11,4,01/02/19,"P",01/02/19
1367,13/02/19,14,4,16/02/19,"N",
1367,28/02/19,6,3,02/03/19,"N",
1375,15/11/18,2,7,17/11/18,"P",17/11/18
1375,30/11/18,3,6,03/12/18,"P",03/12/18
1375,15/12/18,4,5,18/12/18,"P",18/12/18
1375,30/12/18,1,8,01/01/19,"P",01/01/19
1375,14/01/19,8,64,16/01/19,"N",
1375,29/01/19,11,4,01/02/19,"N",
1375,13/02/19,14,4,16/02/19,"P",16/02/19
1375,28/02/19,6,3,02/03/19,"P",02/03/19
1377,01/10/18,2,7,03/10/18,"P",03/10/18
1377,16/10/18,3,6,19/10/18,"P",24/10/18
1377,31/10/18,4,5,03/11/18,"P",03/11/18
1377,15/11/18,1,8,17/11/18,"N",
1377,30/11/18,2,7,02/12/18,"N",
1377,15/12/18,3,6,18/12/18,"N",
1377,30/12/18,4,5,02/01/19,"N",
1377,14/01/19,5,67,16/01/19,"P",16/01/19
1377,29/01/19,9,31/01/19,"P",31/01/19
1377,13/02/19,12,6,16/02/19,"P",16/02/19
1377,28/02/19,14,1,03/03/19,"P",03/03/19
1392,02/08/18,1,8,04/08/18,"P",04/08/18
1392,17/08/18,2,7,19/08/18,"P",19/08/18
1392,01/09/18,3,6,04/09/18,"P",10/09/18
1392,16/09/18,4,5,19/09/18,"P",19/09/18
1392,01/10/18,1,8,03/10/18,"P",09/10/18
1392,16/10/18,2,7,18/10/18,"P",18/10/18
1392,31/10/18,3,6,03/11/18,"P",03/11/18
1392,15/11/18,4,5,18/11/18,"N",
1392,30/11/18,1,8,02/12/18,"N",
1392,15/12/18,2,7,17/12/18,"N",
1392,30/12/18,3,6,02/01/19,"N",
1392,14/01/19,12,96,17/01/19,"P",17/01/19
1392,29/01/19,6,3,31/01/19,"P",06/02/19
1392,13/02/19,9,15/02/19,"P",15/02/19
1392,28/02/19,12,6,03/03/19,"P",03/03/19
1393,19/05/18,4,5,22/05/18,"P",22/05/18
1393,03/06/18,1,8,05/06/18,"P",05/06/18
1393,18/06/18,2,7,20/06/18,"P",20/06/18
1393,03/07/18,3,6,06/07/18,"P",06/07/18
1393,18/07/18,4,5,21/07/18,"P",21/07/18
1393,02/08/18,1,8,04/08/18,"N",
1393,17/08/18,2,7,19/08/18,"N",
1393,01/09/18,3,6,04/09/18,"P",04/09/18
1393,16/09/18,4,5,19/09/18,"P",19/09/18
1393,01/10/18,1,8,03/10/18,"P",03/10/18
1393,16/10/18,2,7,18/10/18,"P",18/10/18
1393,31/10/18,3,6,03/11/18,"P",03/11/18
1393,15/11/18,4,5,18/11/18,"P",18/11/18
1393,30/11/18,1,8,02/12/18,"P",02/12/18
1393,15/12/18,2,7,17/12/18,"P",17/12/18
1393,30/12/18,3,6,02/01/19,"P",02/01/19
1393,14/01/19,12,69,17/01/19,"N",
1393,29/01/19,6,3,31/01/19,"N",
1393,13/02/19,9,6,15/02/19,"P",15/02/19
1393,28/02/19,11,4,03/03/19,"P",03/03/19
1401,28/02/19,14,4,03/03/19,"P",03/03/19
1404,13/02/19,6,3,15/02/19,"P",15/02/19
1404,28/02/19,9,02/03/19,"P",02/03/19
1406,14/01/19,11,34,17/01/19,"P",17/01/19
1406,29/01/19,14,1,01/02/19,"P",07/02/19
1406,13/02/19,6,3,15/02/19,"N",
1406,28/02/19,9,6,02/03/19,"N",
1568,30/12/18,3,6,02/01/19,"P",02/01/19
1568,14/01/19,12,96,17/01/19,"P",17/01/19
1568,29/01/19,6,3,31/01/19,"P",31/01/19
1568,13/02/19,9,15/02/19,"N",
1568,28/02/19,12,6,03/03/19,"N",
1604,15/11/18,4,5,18/11/18,"P",18/11/18
1604,30/11/18,1,8,02/12/18,"P",02/12/18
1604,15/12/18,2,7,17/12/18,"P",17/12/18
1604,30/12/18,3,6,02/01/19,"P",02/01/19
1604,14/01/19,12,96,17/01/19,"P",17/01/19
1604,29/01/19,6,3,31/01/19,"P",31/01/19
1604,13/02/19,9,15/02/19,"N",
1604,28/02/19,12,6,03/03/19,"N",
1682,01/10/18,4,5,04/10/18,"N",
1682,16/10/18,1,8,18/10/18,"N",
1682,31/10/18,2,7,02/11/18,"N",
1682,15/11/18,3,6,18/11/18,"P",18/11/18
1682,30/11/18,4,5,03/12/18,"P",03/12/18
1682,15/12/18,1,8,17/12/18,"P",17/12/18
1682,30/12/18,2,7,01/01/19,"P",01/01/19
1682,14/01/19,11,34,17/01/19,"P",17/01/19
1682,29/01/19,14,1,01/02/19,"P",01/02/19
1682,13/02/19,6,3,15/02/19,"N",
1682,28/02/19,9,6,02/03/19,"N",
1688,02/08/18,3,6,05/08/18,"P",05/08/18
1688,17/08/18,4,5,20/08/18,"P",20/08/18
1688,01/09/18,1,8,03/09/18,"N",
1688,16/09/18,2,7,18/09/18,"N",
1688,01/10/18,3,6,04/10/18,"N",
1688,16/10/18,4,5,19/10/18,"N",
1688,31/10/18,1,8,02/11/18,"N",
1688,15/11/18,2,7,17/11/18,"P",17/11/18
1688,30/11/18,3,6,03/12/18,"P",03/12/18
1688,15/12/18,4,5,18/12/18,"P",18/12/18
1688,30/12/18,1,8,01/01/19,"P",01/01/19
1688,14/01/19,8,1,16/01/19,"P",16/01/19
1688,29/01/19,12,6,01/02/19,"P",01/02/19
1688,13/02/19,14,1,16/02/19,"N",
1688,28/02/19,6,3,02/03/19,"N",
1691,19/05/18,2,7,21/05/18,"N",
1691,03/06/18,3,6,06/06/18,"P",10/06/18
1691,18/06/18,4,5,21/06/18,"P",21/06/18
1691,03/07/18,1,8,05/07/18,"P",09/07/18
1691,18/07/18,2,7,20/07/18,"P",20/07/18
1691,02/08/18,3,6,05/08/18,"P",05/08/18
1691,17/08/18,4,5,20/08/18,"P",24/08/18
1691,01/09/18,1,8,03/09/18,"N",
1691,16/09/18,2,7,18/09/18,"N",
1691,01/10/18,3,6,04/10/18,"N",
1691,16/10/18,4,5,19/10/18,"N",
1691,31/10/18,1,8,02/11/18,"N",
1691,15/11/18,2,7,17/11/18,"P",17/11/18
1691,30/11/18,3,6,03/12/18,"P",03/12/18
1691,15/12/18,4,5,18/12/18,"P",18/12/18
1691,30/12/18,1,8,01/01/19,"P",01/01/19
1691,14/01/19,8,64,16/01/19,"P",16/01/19
1691,29/01/19,11,4,01/02/19,"P",01/02/19
1691,13/02/19,14,4,16/02/19,"N",
1691,28/02/19,6,3,02/03/19,"N",
1711,28/02/19,9,02/03/19,"P",02/03/19
1745,13/02/19,12,6,16/02/19,"N",
1745,28/02/19,14,1,03/03/19,"N",
1889,14/01/19,5,67,16/01/19,"P",16/01/19
1889,29/01/19,9,6,31/01/19,"P",06/02/19
1889,13/02/19,11,4,16/02/19,"N",
1889,28/02/19,14,4,03/03/19,"N",
1934,30/12/18,1,8,01/01/19,"P",01/01/19
1934,14/01/19,8,1,16/01/19,"P",16/01/19
1934,29/01/19,12,6,01/02/19,"P",01/02/19
1934,13/02/19,14,1,16/02/19,"N",
1934,28/02/19,6,3,02/03/19,"N",
2066,15/11/18,2,7,17/11/18,"P",17/11/18
2066,30/11/18,3,6,03/12/18,"P",03/12/18
2066,15/12/18,4,5,18/12/18,"P",18/12/18
2066,30/12/18,1,8,01/01/19,"P",01/01/19
2066,14/01/19,8,1,16/01/19,"P",16/01/19
2066,29/01/19,12,6,01/02/19,"P",01/02/19
2066,13/02/19,14,1,16/02/19,"N",
2066,28/02/19,6,3,02/03/19,"N",
2079,01/10/18,2,7,03/10/18,"P",03/10/18
2079,16/10/18,3,6,19/10/18,"P",19/10/18
2079,31/10/18,4,5,03/11/18,"P",03/11/18
2079,15/11/18,1,8,17/11/18,"N",
2079,30/11/18,2,7,02/12/18,"N",
2079,15/12/18,3,6,18/12/18,"N",
2079,30/12/18,4,5,02/01/19,"N",
2079,14/01/19,5,67,16/01/19,"P",16/01/19
2079,29/01/19,9,6,31/01/19,"P",31/01/19
2079,13/02/19,11,4,16/02/19,"P",16/02/19
2079,28/02/19,14,4,03/03/19,"P",03/03/19
2100,02/08/18,1,8,04/08/18,"P",04/08/18
2100,17/08/18,2,7,19/08/18,"P",19/08/18
2100,01/09/18,3,6,04/09/18,"P",04/09/18
2100,16/09/18,4,5,19/09/18,"P",19/09/18
2100,01/10/18,1,8,03/10/18,"P",03/10/18
2100,16/10/18,2,7,18/10/18,"P",18/10/18
2100,31/10/18,3,6,03/11/18,"P",03/11/18
2100,15/11/18,4,5,18/11/18,"N",
2100,30/11/18,1,8,02/12/18,"N",
2100,15/12/18,2,7,17/12/18,"N",
2100,30/12/18,3,6,02/01/19,"N",
2100,14/01/19,12,69,17/01/19,"P",17/01/19
2100,29/01/19,6,3,31/01/19,"P",31/01/19
2100,13/02/19,9,6,15/02/19,"P",15/02/19
2100,28/02/19,11,4,03/03/19,"P",03/03/19
2143,19/05/18,4,5,22/05/18,"P",22/05/18
2143,03/06/18,1,8,05/06/18,"P",05/06/18
2143,18/06/18,2,7,20/06/18,"P",20/06/18
2143,03/07/18,3,6,06/07/18,"P",06/07/18
2143,18/07/18,4,5,21/07/18,"P",21/07/18
2143,02/08/18,1,8,04/08/18,"N",
2143,17/08/18,2,7,19/08/18,"N",
2143,01/09/18,3,6,04/09/18,"P",04/09/18
2143,16/09/18,4,5,19/09/18,"P",19/09/18
2143,01/10/18,1,8,03/10/18,"P",03/10/18
2143,16/10/18,2,7,18/10/18,"P",18/10/18
2143,31/10/18,3,6,03/11/18,"P",03/11/18
2143,15/11/18,4,5,18/11/18,"P",18/11/18
2143,30/11/18,1,8,02/12/18,"P",02/12/18
2143,15/12/18,2,7,17/12/18,"P",17/12/18
2143,30/12/18,3,6,02/01/19,"P",02/01/19
2143,14/01/19,12,96,17/01/19,"N",
2143,29/01/19,6,3,31/01/19,"N",
2143,13/02/19,9,15/02/19,"P",16/02/19
2143,28/02/19,12,6,03/03/19,"P",03/03/19
2149,13/02/19,14,1,16/02/19,"P",16/02/19
2149,28/02/19,6,3,02/03/19,"P",02/03/19
2155,14/01/19,8,64,16/01/19,"N",
2155,29/01/19,11,4,01/02/19,"N",
2155,13/02/19,14,4,16/02/19,"P",16/02/19
2155,28/02/19,6,3,02/03/19,"P",02/03/19
2158,30/12/18,2,7,01/01/19,"P",01/01/19
2158,14/01/19,11,34,17/01/19,"N",
2158,29/01/19,14,1,01/02/19,"N",
2158,13/02/19,6,3,15/02/19,"P",15/02/19
2158,28/02/19,9,6,02/03/19,"P",02/03/19
2166,15/11/18,3,6,18/11/18,"N",
2166,30/11/18,4,5,03/12/18,"N",
2166,15/12/18,1,8,17/12/18,"N",
2166,30/12/18,2,7,01/01/19,"N",
2166,14/01/19,11,34,17/01/19,"P",17/01/19
2166,29/01/19,14,1,01/02/19,"P",01/02/19
2166,13/02/19,6,3,15/02/19,"P",15/02/19
2166,28/02/19,9,6,02/03/19,"P",02/03/19
2182,01/10/18,3,6,04/10/18,"P",04/10/18
2182,16/10/18,4,5,19/10/18,"P",24/10/18
2182,31/10/18,1,8,02/11/18,"P",02/11/18
2182,15/11/18,2,7,17/11/18,"P",17/11/18
2182,30/11/18,3,6,03/12/18,"P",08/12/18
2182,15/12/18,4,5,18/12/18,"P",18/12/18
2182,30/12/18,1,8,01/01/19,"P",06/01/19
2182,14/01/19,8,64,16/01/19,"N",
2182,29/01/19,11,4,01/02/19,"N",
2182,13/02/19,14,4,16/02/19,"P",16/02/19
2182,28/02/19,6,3,02/03/19,"P",02/03/19
2212,02/08/18,2,7,04/08/18,"N",
2212,17/08/18,3,6,20/08/18,"N",
2212,01/09/18,4,5,04/09/18,"P",04/09/18
2212,16/09/18,1,8,18/09/18,"P",18/09/18
2212,01/10/18,2,7,03/10/18,"P",03/10/18
2212,16/10/18,3,6,19/10/18,"P",19/10/18
2212,31/10/18,4,5,03/11/18,"P",03/11/18
2212,15/11/18,1,8,17/11/18,"P",17/11/18
2212,30/11/18,2,7,02/12/18,"P",02/12/18
2212,15/12/18,3,6,18/12/18,"P",18/12/18
2212,30/12/18,4,5,02/01/19,"P",02/01/19
2212,14/01/19,5,67,16/01/19,"N",
2212,29/01/19,9,6,31/01/19,"N",
2212,13/02/19,11,4,16/02/19,"P",16/02/19
2212,28/02/19,14,4,03/03/19,"P",03/03/19
2217,19/05/18,1,8,21/05/18,"P",21/05/18
2217,03/06/18,2,7,05/06/18,"N",
2217,18/06/18,3,6,21/06/18,"N",
2217,03/07/18,4,5,06/07/18,"N",
2217,18/07/18,1,8,20/07/18,"N",
2217,02/08/18,2,7,04/08/18,"P",09/08/18
2217,17/08/18,3,6,20/08/18,"P",20/08/18
2217,01/09/18,4,5,04/09/18,"P",04/09/18
2217,16/09/18,1,8,18/09/18,"P",23/09/18
2217,01/10/18,2,7,03/10/18,"P",03/10/18
2217,16/10/18,3,6,19/10/18,"P",24/10/18
2217,31/10/18,4,5,03/11/18,"P",03/11/18
2217,15/11/18,1,8,17/11/18,"N",
2217,30/11/18,2,7,02/12/18,"N",
2217,15/12/18,3,6,18/12/18,"N",
2217,30/12/18,4,5,02/01/19,"N",
2217,14/01/19,5,67,16/01/19,"P",16/01/19
2217,29/01/19,9,31/01/19,"P",31/01/19
2217,13/02/19,12,6,16/02/19,"P",16/02/19
2217,28/02/19,14,1,03/03/19,"P",03/03/19
2253,13/02/19,6,3,15/02/19,"P",15/02/19
2253,28/02/19,9,6,02/03/19,"P",02/03/19
2261,14/01/19,10,26,17/01/19,"P",17/01/19
2261,29/01/19,14,4,01/02/19,"P",01/02/19
2261,13/02/19,6,3,15/02/19,"N",
2261,28/02/19,9,02/03/19,"N",
2291,30/12/18,3,6,02/01/19,"P",02/01/19
2291,14/01/19,12,69,17/01/19,"P",17/01/19
2291,29/01/19,6,3,31/01/19,"P",31/01/19
2291,13/02/19,9,6,15/02/19,"N",
2291,28/02/19,11,4,03/03/19,"N",
2380,15/11/18,4,5,18/11/18,"P",18/11/18
2380,30/11/18,1,8,02/12/18,"P",02/12/18
2380,15/12/18,2,7,17/12/18,"P",17/12/18
2380,30/12/18,3,6,02/01/19,"P",02/01/19
2380,14/01/19,12,69,17/01/19,"N",
2380,29/01/19,6,3,31/01/19,"N",
2380,13/02/19,9,6,15/02/19,"P",15/02/19
2380,28/02/19,11,4,03/03/19,"P",03/03/19
2507,01/10/18,4,5,04/10/18,"N",
2507,16/10/18,1,8,18/10/18,"N",
2507,31/10/18,2,7,02/11/18,"N",
2507,15/11/18,3,6,18/11/18,"P",18/11/18
2507,30/11/18,4,5,03/12/18,"P",03/12/18
2507,15/12/18,1,8,17/12/18,"P",17/12/18
2507,30/12/18,2,7,01/01/19,"P",01/01/19
2507,14/01/19,10,26,17/01/19,"P",17/01/19
2507,29/01/19,14,4,01/02/19,"P",01/02/19
2507,13/02/19,6,3,15/02/19,"N",
2507,28/02/19,9,02/03/19,"N",
2548,02/08/18,3,6,05/08/18,"N",
2548,17/08/18,4,5,20/08/18,"N",
2548,01/09/18,1,8,03/09/18,"P",03/09/18
2548,16/09/18,2,7,18/09/18,"P",18/09/18
2548,01/10/18,3,6,04/10/18,"P",04/10/18
2548,16/10/18,4,5,19/10/18,"P",19/10/18
2548,31/10/18,1,8,02/11/18,"P",02/11/18
2548,15/11/18,2,7,17/11/18,"P",17/11/18
2548,30/11/18,3,6,03/12/18,"P",03/12/18
9836,29/01/19,9,5,01/02/19,"P",01/02/19
9836,13/02/19,12,16/02/19,"N",
9836,28/02/19,5,25,02/03/19,"N",
9857,18/06/18,2,7,20/06/18,"P",20/06/18
9857,03/07/18,3,6,06/07/18,"P",06/07/18
9857,18/07/18,4,5,21/07/18,"P",21/07/18
9857,02/08/18,1,8,04/08/18,"P",04/08/18
9857,17/08/18,2,7,19/08/18,"P",19/08/18
9857,01/09/18,3,6,04/09/18,"N",
9857,16/09/18,4,5,19/09/18,"N",
9857,01/10/18,1,8,03/10/18,"N",
9857,16/10/18,2,7,18/10/18,"N",
9857,31/10/18,3,6,03/11/18,"N",
9857,15/11/18,4,5,18/11/18,"P",18/11/18
9857,30/11/18,1,8,02/12/18,"P",02/12/18
9857,15/12/18,2,7,17/12/18,"P",17/12/18
9857,30/12/18,3,6,02/01/19,"P",02/01/19
9857,14/01/19,10,81,17/01/19,"P",17/01/19
9857,29/01/19,5,25,31/01/19,"P",31/01/19
9857,13/02/19,7,5,15/02/19,"N",
9857,28/02/19,10,5,03/03/19,"N",
6774,18/07/18,3,6,21/07/18,"N",
6774,02/08/18,4,5,05/08/18,"P",10/08/18
6774,17/08/18,1,8,19/08/18,"P",19/08/18
6774,01/09/18,2,7,03/09/18,"P",03/09/18
6774,16/09/18,3,6,19/09/18,"P",24/09/18
6774,01/10/18,4,5,04/10/18,"P",04/10/18
6774,16/10/18,1,8,18/10/18,"P",23/10/18
6774,31/10/18,2,7,02/11/18,"P",02/11/18
6774,15/11/18,3,6,18/11/18,"N",
6774,30/11/18,4,5,03/12/18,"N",
6774,15/12/18,1,8,17/12/18,"N",
6774,30/12/18,2,7,01/01/19,"N",
6774,14/01/19,6,84,17/01/19,"P",17/01/19
6774,29/01/19,9,6,01/02/19,"P",01/02/19
6774,13/02/19,4,2,15/02/19,"P",15/02/19
6774,28/02/19,6,02/03/19,"P",02/03/19
6777,15/12/18,3,6,18/12/18,"N",
6777,30/12/18,4,5,02/01/19,"N",
6777,14/01/19,3,78,16/01/19,"P",16/01/19
6777,29/01/19,6,4,31/01/19,"P",31/01/19
6777,13/02/19,7,6,16/02/19,"P",17/02/19
6777,28/02/19,9,6,03/03/19,"P",03/03/19
6778,15/11/18,1,8,17/11/18,"P",17/11/18
6778,30/11/18,2,7,02/12/18,"P",02/12/18
6778,15/12/18,3,6,18/12/18,"P",18/12/18
6778,30/12/18,4,5,02/01/19,"P",02/01/19
6778,14/01/19,3,78,16/01/19,"N",
6778,29/01/19,6,4,31/01/19,"N",
6778,13/02/19,7,6,16/02/19,"P",16/02/19
6778,28/02/19,9,6,03/03/19,"P",03/03/19
6781,01/10/18,1,8,03/10/18,"P",03/10/18
6781,16/10/18,2,7,18/10/18,"P",23/10/18
6781,31/10/18,3,6,03/11/18,"P",03/11/18
6781,15/11/18,4,5,18/11/18,"P",18/11/18
6781,30/11/18,1,8,02/12/18,"P",07/12/18
6781,15/12/18,2,7,17/12/18,"P",17/12/18
6781,30/12/18,3,6,02/01/19,"P",07/01/19
6781,14/01/19,8,64,17/01/19,"N",
6781,29/01/19,4,2,31/01/19,"N",
6781,13/02/19,6,15/02/19,"P",15/02/19
6781,28/02/19,8,4,03/03/19,"P",03/03/19
6788,02/08/18,4,5,05/08/18,"P",10/08/18
6788,17/08/18,1,8,19/08/18,"P",19/08/18
6788,01/09/18,2,7,03/09/18,"N",
6788,16/09/18,3,6,19/09/18,"N",
6788,01/10/18,4,5,04/10/18,"N",
6788,16/10/18,1,8,18/10/18,"N",
6788,31/10/18,2,7,02/11/18,"N",
6788,15/11/18,3,6,18/11/18,"P",18/11/18
6788,30/11/18,4,5,03/12/18,"P",08/12/18
6788,15/12/18,1,8,17/12/18,"P",17/12/18
6788,30/12/18,2,7,01/01/19,"P",06/01/19
6788,14/01/19,6,84,17/01/19,"P",17/01/19
6788,29/01/19,9,6,01/02/19,"P",01/02/19
6788,13/02/19,4,2,15/02/19,"N",
6788,28/02/19,6,02/03/19,"N",
6886,19/05/18,3,6,22/05/18,"P",22/05/18
6886,03/06/18,4,5,06/06/18,"P",06/06/18
6886,18/06/18,1,8,20/06/18,"P",20/06/18
6886,03/07/18,2,7,05/07/18,"P",05/07/18
6886,18/07/18,3,6,21/07/18,"P",21/07/18
6886,02/08/18,4,5,05/08/18,"N",
6886,17/08/18,1,8,19/08/18,"N",
6886,01/09/18,2,7,03/09/18,"P",03/09/18
6886,16/09/18,3,6,19/09/18,"P",24/09/18
6886,01/10/18,4,5,04/10/18,"P",04/10/18
6886,16/10/18,1,8,18/10/18,"P",23/10/18
6886,31/10/18,2,7,02/11/18,"P",02/11/18
6886,15/11/18,3,6,18/11/18,"P",18/11/18
6886,30/11/18,4,5,03/12/18,"P",08/12/18
6886,15/12/18,1,8,17/12/18,"P",17/12/18
6886,30/12/18,2,7,01/01/19,"P",06/01/19
6886,14/01/19,9,46,17/01/19,"N",
6886,29/01/19,11,75,01/02/19,"N",
6886,13/02/19,5,25,15/02/19,"P",15/02/19
6886,28/02/19,8,02/03/19,"P",02/03/19
6888,15/12/18,3,6,18/12/18,"N",
6888,30/12/18,4,5,02/01/19,"N",
6888,14/01/19,4,73,16/01/19,"P",16/01/19
6888,29/01/19,7,5,31/01/19,"P",31/01/19
6888,13/02/19,10,5,16/02/19,"P",16/02/19
6888,28/02/19,11,75,03/03/19,"P",03/03/19
6894,15/11/18,1,8,17/11/18,"N",
6894,30/11/18,2,7,02/12/18,"N",
6894,15/12/18,3,6,18/12/18,"N",
6894,30/12/18,4,5,02/01/19,"N",
6894,14/01/19,5,67,16/01/19,"P",16/01/19
6894,29/01/19,9,31/01/19,"P",06/02/19
6894,13/02/19,12,6,16/02/19,"P",16/02/19
6894,28/02/19,14,1,03/03/19,"P",03/03/19
6900,01/10/18,1,8,03/10/18,"P",03/10/18
6900,16/10/18,2,7,18/10/18,"P",23/10/18
6900,31/10/18,3,6,03/11/18,"P",03/11/18
6900,15/11/18,4,5,18/11/18,"N",
6900,30/11/18,1,8,02/12/18,"N",
6900,15/12/18,2,7,17/12/18,"N",
6900,30/12/18,3,6,02/01/19,"N",
6900,14/01/19,10,58,17/01/19,"P",17/01/19
6900,29/01/19,5,25,31/01/19,"P",31/01/19
6900,13/02/19,8,15/02/19,"P",15/02/19
6900,28/02/19,9,5,03/03/19,"P",03/03/19
6963,02/08/18,4,5,05/08/18,"P",10/08/18
6963,17/08/18,1,8,19/08/18,"P",19/08/18
6963,01/09/18,2,7,03/09/18,"P",03/09/18
6963,16/09/18,3,6,19/09/18,"P",24/09/18
6963,01/10/18,4,5,04/10/18,"P",04/10/18
6963,16/10/18,1,8,18/10/18,"P",23/10/18
6963,31/10/18,2,7,02/11/18,"P",02/11/18
6963,15/11/18,3,6,18/11/18,"N",
6963,30/11/18,4,5,03/12/18,"N",
6963,15/12/18,1,8,17/12/18,"N",
6963,30/12/18,2,7,01/01/19,"N",
6963,14/01/19,11,34,17/01/19,"P",17/01/19
6963,29/01/19,14,1,01/02/19,"P",01/02/19
6963,13/02/19,6,3,15/02/19,"P",15/02/19
6963,28/02/19,9,6,02/03/19,"P",02/03/19
7043,19/05/18,3,6,22/05/18,"N",
7043,03/06/18,4,5,06/06/18,"P",06/06/18
7043,18/06/18,1,8,20/06/18,"P",20/06/18
7043,03/07/18,2,7,05/07/18,"P",05/07/18
7043,18/07/18,3,6,21/07/18,"P",21/07/18
7043,02/08/18,4,5,05/08/18,"P",05/08/18
7043,17/08/18,1,8,19/08/18,"P",19/08/18
7043,01/09/18,2,7,03/09/18,"N",
7043,16/09/18,3,6,19/09/18,"N",
7043,01/10/18,4,5,04/10/18,"N",
7043,16/10/18,1,8,18/10/18,"N",
7043,31/10/18,2,7,02/11/18,"N",
7043,15/11/18,3,6,18/11/18,"P",18/11/18
7043,30/11/18,4,5,03/12/18,"P",03/12/18
7043,15/12/18,1,8,17/12/18,"P",17/12/18
7043,30/12/18,2,7,01/01/19,"P",01/01/19
7043,14/01/19,8,56,17/01/19,"P",17/01/19
7043,29/01/19,12,01/02/19,"P",01/02/19
7043,13/02/19,5,25,15/02/19,"N",
7043,28/02/19,7,5,02/03/19,"N",
7046,30/11/18,3,6,03/12/18,"P",03/12/18
7046,15/12/18,4,5,18/12/18,"P",18/12/18
7046,30/12/18,1,8,01/01/19,"P",01/01/19
7046,14/01/19,7,21,16/01/19,"P",16/01/19
7046,29/01/19,9,5,01/02/19,"P",01/02/19
7046,13/02/19,12,16/02/19,"N",
7046,28/02/19,5,25,02/03/19,"N",
7048,31/10/18,2,7,02/11/18,"P",02/11/18
7048,15/11/18,3,6,18/11/18,"P",24/11/18
7048,30/11/18,4,5,03/12/18,"P",03/12/18
7048,15/12/18,1,8,17/12/18,"P",23/12/18
7048,30/12/18,2,7,01/01/19,"P",01/01/19
7048,14/01/19,8,56,17/01/19,"N",
7048,29/01/19,12,01/02/19,"N",
7048,13/02/19,5,25,15/02/19,"P",15/02/19
7048,28/02/19,7,5,02/03/19,"P",02/03/19
7051,17/08/18,3,6,20/08/18,"N",
7051,01/09/18,4,5,04/09/18,"P",04/09/18
7051,16/09/18,1,8,18/09/18,"P",18/09/18
7051,01/10/18,2,7,03/10/18,"P",03/10/18
7051,16/10/18,3,6,19/10/18,"P",19/10/18
7051,31/10/18,4,5,03/11/18,"P",03/11/18
7051,15/11/18,1,8,17/11/18,"P",17/11/18
7051,30/11/18,2,7,02/12/18,"P",02/12/18
7051,15/12/18,3,6,18/12/18,"P",18/12/18
7051,30/12/18,4,5,02/01/19,"P",02/01/19
7051,14/01/19,4,73,16/01/19,"N",
7051,29/01/19,8,31/01/19,"N",
7051,13/02/19,9,5,16/02/19,"P",16/02/19
7051,28/02/19,12,03/03/19,"P",03/03/19
7070,18/06/18,1,8,20/06/18,"P",20/06/18
7070,03/07/18,2,7,05/07/18,"P",05/07/18
7070,18/07/18,3,6,21/07/18,"P",21/07/18
7070,02/08/18,4,5,05/08/18,"P",05/08/18
7070,17/08/18,1,8,19/08/18,"P",19/08/18
7070,01/09/18,2,7,03/09/18,"N",
7070,16/09/18,3,6,19/09/18,"N",
7070,01/10/18,4,5,04/10/18,"N",
7070,16/10/18,1,8,18/10/18,"N",
7070,31/10/18,2,7,02/11/18,"N",
7070,15/11/18,3,6,18/11/18,"P",18/11/18
7070,30/11/18,4,5,03/12/18,"P",03/12/18
7070,15/12/18,1,8,17/12/18,"P",17/12/18
7070,30/12/18,2,7,01/01/19,"P",01/01/19
7070,14/01/19,8,56,17/01/19,"P",17/01/19
7070,29/01/19,12,01/02/19,"P",01/02/19
7070,13/02/19,5,25,15/02/19,"N",
7070,28/02/19,7,5,02/03/19,"N",
7072,30/11/18,3,6,03/12/18,"P",03/12/18
7072,15/12/18,4,5,18/12/18,"P",18/12/18
7072,30/12/18,1,8,01/01/19,"P",01/01/19
7072,14/01/19,7,21,16/01/19,"N",
7072,29/01/19,9,5,01/02/19,"N",
7072,13/02/19,12,16/02/19,"P",16/02/19
7072,28/02/19,5,25,02/03/19,"P",02/03/19
7074,31/10/18,2,7,02/11/18,"P",06/11/18
7074,15/11/18,3,6,18/11/18,"N",
7074,30/11/18,4,5,03/12/18,"N",
7074,15/12/18,1,8,17/12/18,"N",
7074,30/12/18,2,7,01/01/19,"N",
7074,14/01/19,8,56,17/01/19,"P",17/01/19
7074,29/01/19,12,01/02/19,"P",01/02/19
7074,13/02/19,5,25,15/02/19,"P",15/02/19
7074,28/02/19,7,5,02/03/19,"P",02/03/19
7075,17/08/18,3,6,20/08/18,"N",
7075,01/09/18,4,5,04/09/18,"P",04/09/18
7075,16/09/18,1,8,18/09/18,"P",23/09/18
7075,01/10/18,2,7,03/10/18,"P",03/10/18
7075,16/10/18,3,6,19/10/18,"P",24/10/18
7075,31/10/18,4,5,03/11/18,"P",03/11/18
7075,15/11/18,1,8,17/11/18,"P",17/11/18
7075,30/11/18,2,7,02/12/18,"P",07/12/18
7075,15/12/18,3,6,18/12/18,"P",18/12/18
7075,30/12/18,4,5,02/01/19,"P",07/01/19
7075,14/01/19,4,73,16/01/19,"N",
7075,29/01/19,8,31/01/19,"N",
7075,13/02/19,9,5,16/02/19,"P",16/02/19
7075,28/02/19,12,03/03/19,"P",03/03/19
7076,18/06/18,1,8,20/06/18,"P",20/06/18
7076,03/07/18,2,7,05/07/18,"P",05/07/18
7076,18/07/18,3,6,21/07/18,"P",21/07/18
7076,02/08/18,4,5,05/08/18,"P",05/08/18
7076,17/08/18,1,8,19/08/18,"P",19/08/18
7076,01/09/18,2,7,03/09/18,"N",
7076,16/09/18,3,6,19/09/18,"N",
7076,01/10/18,4,5,04/10/18,"N",
7076,16/10/18,1,8,18/10/18,"N",
7076,31/10/18,2,7,02/11/18,"N",
7076,15/11/18,3,6,18/11/18,"P",24/11/18
7076,30/11/18,4,5,03/12/18,"P",03/12/18
7076,15/12/18,1,8,17/12/18,"P",23/12/18
7076,30/12/18,2,7,01/01/19,"P",01/01/19
7076,14/01/19,8,56,17/01/19,"P",17/01/19
7076,29/01/19,12,01/02/19,"P",07/02/19
7076,13/02/19,5,25,15/02/19,"N",
7076,28/02/19,7,5,02/03/19,"N",
7077,30/11/18,3,6,03/12/18,"N",
7077,15/12/18,4,5,18/12/18,"N",
7077,30/12/18,1,8,01/01/19,"N",
7077,14/01/19,7,21,16/01/19,"P",16/01/19
7077,29/01/19,9,5,01/02/19,"P",01/02/19
7077,13/02/19,12,16/02/19,"P",16/02/19
7077,28/02/19,5,25,02/03/19,"P",02/03/19
7078,31/10/18,2,7,02/11/18,"P",02/11/18
7078,15/11/18,3,6,18/11/18,"P",18/11/18
7078,30/11/18,4,5,03/12/18,"P",03/12/18
7078,15/12/18,1,8,17/12/18,"P",17/12/18
7078,30/12/18,2,7,01/01/19,"P",01/01/19
7078,14/01/19,8,56,17/01/19,"N",
7078,29/01/19,12,01/02/19,"N",
7078,13/02/19,5,25,15/02/19,"P",16/02/19
7078,28/02/19,7,5,02/03/19,"P",02/03/19
7112,17/08/18,3,6,20/08/18,"P",20/08/18
7112,01/09/18,4,5,04/09/18,"N",
7112,16/09/18,1,8,18/09/18,"N",
7112,01/10/18,2,7,03/10/18,"N",
7112,16/10/18,3,6,19/10/18,"N",
7112,31/10/18,4,5,03/11/18,"N",
7112,15/11/18,1,8,17/11/18,"P",17/11/18
7112,30/11/18,2,7,02/12/18,"P",02/12/18
7112,15/12/18,3,6,18/12/18,"P",18/12/18
7112,30/12/18,4,5,02/01/19,"P",02/01/19
7112,14/01/19,5,67,16/01/19,"P",16/01/19
7112,29/01/19,9,6,31/01/19,"P",31/01/19
7112,13/02/19,11,4,16/02/19,"N",
7112,28/02/19,14,4,03/03/19,"N",
7131,18/06/18,1,8,20/06/18,"N",
7131,03/07/18,2,7,05/07/18,"N",
7131,18/07/18,3,6,21/07/18,"N",
7131,02/08/18,4,5,05/08/18,"P",10/08/18
7131,17/08/18,1,8,19/08/18,"P",19/08/18
7131,01/09/18,2,7,03/09/18,"P",03/09/18
7131,16/09/18,3,6,19/09/18,"P",24/09/18
7131,01/10/18,4,5,04/10/18,"P",04/10/18
7131,16/10/18,1,8,18/10/18,"P",23/10/18
7131,31/10/18,2,7,02/11/18,"P",02/11/18
7131,15/11/18,3,6,18/11/18,"N",
7131,30/11/18,4,5,03/12/18,"N",
7131,15/12/18,1,8,17/12/18,"N",
7131,30/12/18,2,7,01/01/19,"N",
7131,14/01/19,10,26,17/01/19,"P",17/01/19
7131,29/01/19,14,4,01/02/19,"P",01/02/19
7131,13/02/19,6,3,15/02/19,"P",15/02/19
7131,28/02/19,9,02/03/19,"P",02/03/19
7407,30/11/18,3,6,03/12/18,"N",
7407,15/12/18,4,5,18/12/18,"N",
7407,30/12/18,1,8,01/01/19,"N",
7407,14/01/19,8,64,16/01/19,"P",16/01/19
7407,29/01/19,11,4,01/02/19,"P",01/02/19
7407,13/02/19,14,4,16/02/19,"P",17/02/19
7407,28/02/19,6,3,02/03/19,"P",02/03/19
7605,31/10/18,2,7,02/11/18,"P",02/11/18
7605,15/11/18,3,6,18/11/18,"N",
7605,30/11/18,4,5,03/12/18,"N",
7605,15/12/18,1,8,17/12/18,"N",
7605,30/12/18,2,7,01/01/19,"N",
7605,14/01/19,10,26,17/01/19,"P",17/01/19
7605,29/01/19,14,4,01/02/19,"P",01/02/19
7605,13/02/19,6,3,15/02/19,"P",15/02/19
7605,28/02/19,9,02/03/19,"P",02/03/19
7729,17/08/18,3,6,20/08/18,"N",
7729,01/09/18,4,5,04/09/18,"P",04/09/18
7729,16/09/18,1,8,18/09/18,"P",18/09/18
7729,01/10/18,2,7,03/10/18,"P",03/10/18
7729,16/10/18,3,6,19/10/18,"P",19/10/18
7729,31/10/18,4,5,03/11/18,"P",03/11/18
7729,15/11/18,1,8,17/11/18,"P",17/11/18
7729,30/11/18,2,7,02/12/18,"P",02/12/18
7729,15/12/18,3,6,18/12/18,"P",18/12/18
7729,30/12/18,4,5,02/01/19,"P",02/01/19
7729,14/01/19,5,67,16/01/19,"N",
7729,29/01/19,9,6,31/01/19,"N",
7729,13/02/19,11,4,16/02/19,"P",17/02/19
7729,28/02/19,14,4,03/03/19,"P",03/03/19
7730,18/06/18,1,8,20/06/18,"P",20/06/18
7730,03/07/18,2,7,05/07/18,"P",05/07/18
7730,18/07/18,3,6,21/07/18,"P",21/07/18
7730,02/08/18,4,5,05/08/18,"P",05/08/18
7730,17/08/18,1,8,19/08/18,"P",19/08/18
7730,01/09/18,2,7,03/09/18,"N",
7730,16/09/18,3,6,19/09/18,"N",
7730,01/10/18,4,5,04/10/18,"N",
7730,16/10/18,1,8,18/10/18,"N",
7730,31/10/18,2,7,02/11/18,"N",
7730,15/11/18,3,6,18/11/18,"P",18/11/18
7730,30/11/18,4,5,03/12/18,"P",03/12/18
7730,15/12/18,1,8,17/12/18,"P",17/12/18
7730,30/12/18,2,7,01/01/19,"P",01/01/19
7730,14/01/19,10,26,17/01/19,"P",17/01/19
7730,29/01/19,14,4,01/02/19,"P",01/02/19
7730,13/02/19,6,3,15/02/19,"N",
7730,28/02/19,9,02/03/19,"N",
7744,30/11/18,3,6,03/12/18,"P",03/12/18
7744,15/12/18,4,5,18/12/18,"P",18/12/18
7744,30/12/18,1,8,01/01/19,"P",01/01/19
7744,14/01/19,8,64,16/01/19,"N",
7744,29/01/19,11,4,01/02/19,"N",
7744,13/02/19,14,4,16/02/19,"P",16/02/19
7744,28/02/19,6,3,02/03/19,"P",02/03/19
7747,31/10/18,2,7,02/11/18,"P",02/11/18
7747,15/11/18,3,6,18/11/18,"P",18/11/18
7747,30/11/18,4,5,03/12/18,"P",08/12/18
7747,15/12/18,1,8,17/12/18,"P",17/12/18
7747,30/12/18,2,7,01/01/19,"P",06/01/19
7747,14/01/19,10,26,17/01/19,"N",
7747,29/01/19,14,4,01/02/19,"N",
7747,13/02/19,6,3,15/02/19,"P",15/02/19
7747,28/02/19,9,02/03/19,"P",02/03/19
7753,17/08/18,3,6,20/08/18,"N",
7753,01/09/18,4,5,04/09/18,"P",04/09/18
7753,16/09/18,1,8,18/09/18,"P",18/09/18
7753,01/10/18,2,7,03/10/18,"P",03/10/18
7753,16/10/18,3,6,19/10/18,"P",19/10/18
7753,31/10/18,4,5,03/11/18,"P",07/11/18
7753,15/11/18,1,8,17/11/18,"P",17/11/18
7753,30/11/18,2,7,02/12/18,"P",02/12/18
7753,15/12/18,3,6,18/12/18,"P",18/12/18
7753,30/12/18,4,5,02/01/19,"P",02/01/19
7753,14/01/19,5,67,16/01/19,"N",
7753,29/01/19,9,6,31/01/19,"N",
7753,13/02/19,11,4,16/02/19,"P",16/02/19
7753,28/02/19,14,4,03/03/19,"P",03/03/19
7758,18/06/18,1,8,20/06/18,"N",
7758,03/07/18,2,7,05/07/18,"N",
7758,18/07/18,3,6,21/07/18,"N",
7758,02/08/18,4,5,05/08/18,"P",05/08/18
7758,17/08/18,1,8,19/08/18,"P",19/08/18
7758,01/09/18,2,7,03/09/18,"P",03/09/18
7758,16/09/18,3,6,19/09/18,"P",19/09/18
7758,01/10/18,4,5,04/10/18,"P",04/10/18
7758,16/10/18,1,8,18/10/18,"P",18/10/18
7758,31/10/18,2,7,02/11/18,"P",02/11/18
7758,15/11/18,3,6,18/11/18,"N",
7758,30/11/18,4,5,03/12/18,"N",
7758,15/12/18,1,8,17/12/18,"N",
7758,30/12/18,2,7,01/01/19,"N",
7758,14/01/19,10,26,17/01/19,"P",17/01/19
7758,29/01/19,14,4,01/02/19,"P",01/02/19
7758,13/02/19,6,3,15/02/19,"P",15/02/19
7758,28/02/19,9,02/03/19,"P",02/03/19
7761,30/11/18,3,6,03/12/18,"N",
7761,15/12/18,4,5,18/12/18,"N",
7761,30/12/18,1,8,01/01/19,"N",
7761,14/01/19,8,64,16/01/19,"P",16/01/19
7761,29/01/19,11,4,01/02/19,"P",01/02/19
7761,13/02/19,14,4,16/02/19,"P",16/02/19
7761,28/02/19,6,3,02/03/19,"P",02/03/19
7763,31/10/18,2,7,02/11/18,"N",
7763,15/11/18,3,6,18/11/18,"P",18/11/18
7763,30/11/18,4,5,03/12/18,"P",03/12/18
7763,15/12/18,1,8,17/12/18,"P",17/12/18
7763,30/12/18,2,7,01/01/19,"P",01/01/19
7763,14/01/19,10,26,17/01/19,"P",17/01/19
7763,29/01/19,14,4,01/02/19,"P",01/02/19
7763,13/02/19,6,3,15/02/19,"N",
7763,28/02/19,9,02/03/19,"N",
7765,17/08/18,3,6,20/08/18,"N",
7765,01/09/18,4,5,04/09/18,"P",04/09/18
7765,16/09/18,1,8,18/09/18,"P",18/09/18
7765,01/10/18,2,7,03/10/18,"P",03/10/18
7765,16/10/18,3,6,19/10/18,"P",19/10/18
7765,31/10/18,4,5,03/11/18,"P",03/11/18
7765,15/11/18,1,8,17/11/18,"P",17/11/18
7765,30/11/18,2,7,02/12/18,"P",02/12/18
7765,15/12/18,3,6,18/12/18,"P",18/12/18
7765,30/12/18,4,5,02/01/19,"P",02/01/19
7765,14/01/19,5,67,16/01/19,"N",
7765,29/01/19,9,6,31/01/19,"N",
7765,13/02/19,11,4,16/02/19,"P",16/02/19
7765,28/02/19,14,4,03/03/19,"P",03/03/19
7777,18/06/18,1,8,20/06/18,"P",20/06/18
7777,03/07/18,2,7,05/07/18,"P",05/07/18
7777,18/07/18,3,6,21/07/18,"P",21/07/18
7777,02/08/18,4,5,05/08/18,"N",
7777,17/08/18,1,8,19/08/18,"N",
7777,01/09/18,2,7,03/09/18,"P",03/09/18
7777,16/09/18,3,6,19/09/18,"P",19/09/18
7777,01/10/18,4,5,04/10/18,"P",04/10/18
7777,16/10/18,1,8,18/10/18,"P",18/10/18
7777,31/10/18,2,7,02/11/18,"P",02/11/18
7777,15/11/18,3,6,18/11/18,"P",18/11/18
7777,30/11/18,4,5,03/12/18,"P",03/12/18
7777,15/12/18,1,8,17/12/18,"P",17/12/18
7777,30/12/18,2,7,01/01/19,"P",01/01/19
7777,14/01/19,10,26,17/01/19,"N",
7777,29/01/19,14,4,01/02/19,"N",
7777,13/02/19,6,3,15/02/19,"P",15/02/19
7777,28/02/19,9,02/03/19,"P",02/03/19
7809,30/11/18,3,6,03/12/18,"N",
7809,15/12/18,4,5,18/12/18,"N",
7809,30/12/18,1,8,01/01/19,"N",
7809,14/01/19,7,21,16/01/19,"P",16/01/19
7809,29/01/19,9,5,01/02/19,"P",01/02/19
7809,13/02/19,12,16/02/19,"P",16/02/19
7809,28/02/19,5,25,02/03/19,"P",02/03/19
7840,31/10/18,2,7,02/11/18,"P",02/11/18
7840,15/11/18,3,6,18/11/18,"P",18/11/18
7840,30/11/18,4,5,03/12/18,"P",03/12/18
7840,15/12/18,1,8,17/12/18,"P",17/12/18
7840,30/12/18,2,7,01/01/19,"P",01/01/19
7840,14/01/19,8,56,17/01/19,"N",
7840,29/01/19,12,01/02/19,"N",
7840,13/02/19,5,25,15/02/19,"P",15/02/19
7840,28/02/19,7,5,02/03/19,"P",02/03/19
8261,17/08/18,3,6,20/08/18,"P",20/08/18
8261,01/09/18,4,5,04/09/18,"N",
8261,16/09/18,1,8,18/09/18,"N",
8261,01/10/18,2,7,03/10/18,"N",
8261,16/10/18,3,6,19/10/18,"N",
8261,31/10/18,4,5,03/11/18,"N",
8261,15/11/18,1,8,17/11/18,"P",17/11/18
8261,30/11/18,2,7,02/12/18,"P",02/12/18
8261,15/12/18,3,6,18/12/18,"P",18/12/18
8261,30/12/18,4,5,02/01/19,"P",02/01/19
8261,14/01/19,5,67,16/01/19,"P",16/01/19
8261,29/01/19,9,6,31/01/19,"P",31/01/19
8261,13/02/19,11,4,16/02/19,"N",
8261,28/02/19,14,4,03/03/19,"N",
8419,18/06/18,1,8,20/06/18,"P",20/06/18
8419,03/07/18,2,7,05/07/18,"P",05/07/18
8419,18/07/18,3,6,21/07/18,"P",21/07/18
8419,02/08/18,4,5,05/08/18,"N",
8419,17/08/18,1,8,19/08/18,"N",
8419,01/09/18,2,7,03/09/18,"P",03/09/18
8419,16/09/18,3,6,19/09/18,"P",24/09/18
8419,01/10/18,4,5,04/10/18,"P",04/10/18
8419,16/10/18,1,8,18/10/18,"P",23/10/18
8419,31/10/18,2,7,02/11/18,"P",02/11/18
8419,15/11/18,3,6,18/11/18,"P",18/11/18
8419,30/11/18,4,5,03/12/18,"P",08/12/18
8419,15/12/18,1,8,17/12/18,"P",17/12/18
8419,30/12/18,2,7,01/01/19,"P",06/01/19
8419,14/01/19,8,56,17/01/19,"N",
8419,29/01/19,12,01/02/19,"N",
8419,13/02/19,5,25,15/02/19,"P",15/02/19
8419,28/02/19,7,5,02/03/19,"P",02/03/19
8421,15/11/18,3,6,18/11/18,"N",
8421,30/11/18,4,5,03/12/18,"N",
8421,15/12/18,1,8,17/12/18,"N",
8421,30/12/18,2,7,01/01/19,"N",
8421,14/01/19,8,56,17/01/19,"P",17/01/19
8421,29/01/19,12,01/02/19,"P",01/02/19
8421,13/02/19,5,25,15/02/19,"P",15/02/19
8421,28/02/19,7,5,02/03/19,"P",02/03/19
8423,01/10/18,3,6,04/10/18,"N",
8423,16/10/18,4,5,19/10/18,"N",
8423,31/10/18,1,8,02/11/18,"N",
8423,15/11/18,2,7,17/11/18,"P",17/11/18
8423,30/11/18,3,6,03/12/18,"P",03/12/18
8423,15/12/18,4,5,18/12/18,"P",18/12/18
8423,30/12/18,1,8,01/01/19,"P",01/01/19
8423,14/01/19,6,75,16/01/19,"P",16/01/19
8423,29/01/19,10,5,01/02/19,"P",01/02/19
8423,13/02/19,11,75,16/02/19,"N",
8423,28/02/19,5,25,02/03/19,"N",
8425,02/08/18,2,7,04/08/18,"N",
8425,17/08/18,3,6,20/08/18,"N",
8425,01/09/18,4,5,04/09/18,"P",04/09/18
8425,16/09/18,1,8,18/09/18,"P",18/09/18
8425,01/10/18,2,7,03/10/18,"P",03/10/18
8425,16/10/18,3,6,19/10/18,"P",19/10/18
8425,31/10/18,4,5,03/11/18,"P",07/11/18
8425,15/11/18,1,8,17/11/18,"P",17/11/18
8425,30/11/18,2,7,02/12/18,"P",02/12/18
8425,15/12/18,3,6,18/12/18,"P",18/12/18
8425,30/12/18,4,5,02/01/19,"P",02/01/19
8425,14/01/19,4,73,16/01/19,"N",
8425,29/01/19,7,5,31/01/19,"N",
8425,13/02/19,10,5,16/02/19,"P",16/02/19
8425,28/02/19,11,75,03/03/19,"P",03/03/19
8431,19/05/18,1,8,21/05/18,"P",21/05/18
8431,03/06/18,2,7,05/06/18,"P",05/06/18
8431,18/06/18,3,6,21/06/18,"P",24/06/18
8431,03/07/18,4,5,06/07/18,"P",06/07/18
8431,18/07/18,1,8,20/07/18,"P",23/07/18
8431,02/08/18,2,7,04/08/18,"N",
8431,17/08/18,3,6,20/08/18,"N",
8431,01/09/18,4,5,04/09/18,"P",04/09/18
8431,16/09/18,1,8,18/09/18,"P",18/09/18
8431,01/10/18,2,7,03/10/18,"P",03/10/18
8431,16/10/18,3,6,19/10/18,"P",19/10/18
8431,31/10/18,4,5,03/11/18,"P",03/11/18
8431,15/11/18,1,8,17/11/18,"P",17/11/18
8431,30/11/18,2,7,02/12/18,"P",02/12/18
8431,15/12/18,3,6,18/12/18,"P",18/12/18
8431,30/12/18,4,5,02/01/19,"P",02/01/19
8431,14/01/19,4,73,16/01/19,"N",
8431,29/01/19,8,31/01/19,"N",
8431,13/02/19,9,5,16/02/19,"P",16/02/19
8431,28/02/19,12,03/03/19,"P",03/03/19
8434,15/11/18,1,8,17/11/18,"P",23/11/18
8434,30/11/18,2,7,02/12/18,"P",02/12/18
8434,15/12/18,3,6,18/12/18,"P",24/12/18
8434,30/12/18,4,5,02/01/19,"P",02/01/19
8434,14/01/19,4,73,16/01/19,"N",
8434,29/01/19,8,31/01/19,"N",
8434,13/02/19,9,5,16/02/19,"P",16/02/19
8434,28/02/19,12,03/03/19,"P",03/03/19
8435,01/10/18,1,8,03/10/18,"N",
8435,16/10/18,2,7,18/10/18,"N",
8435,31/10/18,3,6,03/11/18,"N",
8435,15/11/18,4,5,18/11/18,"P",18/11/18
8435,30/11/18,1,8,02/12/18,"P",02/12/18
8435,15/12/18,2,7,17/12/18,"P",17/12/18
8435,30/12/18,3,6,02/01/19,"P",02/01/19
8435,14/01/19,10,81,17/01/19,"P",17/01/19
8435,29/01/19,5,25,31/01/19,"P",31/01/19
8435,13/02/19,7,5,15/02/19,"N",
8435,28/02/19,10,5,03/03/19,"N",
8436,02/08/18,4,5,05/08/18,"P",05/08/18
8436,17/08/18,1,8,19/08/18,"P",19/08/18
8436,01/09/18,2,7,03/09/18,"P",03/09/18
8436,16/09/18,3,6,19/09/18,"P",19/09/18
8436,01/10/18,4,5,04/10/18,"P",04/10/18
8436,16/10/18,1,8,18/10/18,"P",18/10/18
8436,31/10/18,2,7,02/11/18,"P",02/11/18
8436,15/11/18,3,6,18/11/18,"N",
8436,30/11/18,4,5,03/12/18,"N",
8436,15/12/18,1,8,17/12/18,"N",
8436,30/12/18,2,7,01/01/19,"N",
8436,14/01/19,8,56,17/01/19,"P",17/01/19
8436,29/01/19,12,01/02/19,"P",01/02/19
8436,13/02/19,5,25,15/02/19,"P",16/02/19
8436,28/02/19,7,5,02/03/19,"P",02/03/19
8439,19/05/18,3,6,22/05/18,"P",22/05/18
8439,03/06/18,4,5,06/06/18,"N",
8439,18/06/18,1,8,20/06/18,"N",
8439,03/07/18,2,7,05/07/18,"N",
8439,18/07/18,3,6,21/07/18,"N",
8439,02/08/18,4,5,05/08/18,"P",05/08/18
8439,17/08/18,1,8,19/08/18,"P",23/08/18
8439,01/09/18,2,7,03/09/18,"P",03/09/18
8439,16/09/18,3,6,19/09/18,"P",19/09/18
8439,01/10/18,4,5,04/10/18,"P",04/10/18
8439,16/10/18,1,8,18/10/18,"P",18/10/18
8439,31/10/18,2,7,02/11/18,"P",06/11/18
8439,15/11/18,3,6,18/11/18,"N",
8439,30/11/18,4,5,03/12/18,"N",
8439,15/12/18,1,8,17/12/18,"N",
8439,30/12/18,2,7,01/01/19,"N",
8439,14/01/19,9,46,17/01/19,"P",17/01/19
8439,29/01/19,11,75,01/02/19,"P",01/02/19
8439,13/02/19,5,25,15/02/19,"P",15/02/19
8439,28/02/19,8,02/03/19,"P",02/03/19
8440,15/11/18,3,6,18/11/18,"P",18/11/18
8440,30/11/18,4,5,03/12/18,"P",08/12/18
8440,15/12/18,1,8,17/12/18,"P",17/12/18
8440,30/12/18,2,7,01/01/19,"P",06/01/19
8440,14/01/19,9,46,17/01/19,"N",
8440,29/01/19,11,75,01/02/19,"N",
8440,13/02/19,5,25,15/02/19,"P",15/02/19
8440,28/02/19,8,02/03/19,"P",02/03/19
8442,01/10/18,3,6,04/10/18,"P",04/10/18
8442,16/10/18,4,5,19/10/18,"P",19/10/18
8442,31/10/18,1,8,02/11/18,"P",02/11/18
8442,15/11/18,2,7,17/11/18,"N",
8442,30/11/18,3,6,03/12/18,"N",
8442,15/12/18,4,5,18/12/18,"N",
8442,30/12/18,1,8,01/01/19,"N",
8442,14/01/19,7,21,16/01/19,"P",16/01/19
8442,29/01/19,9,5,01/02/19,"P",01/02/19
8442,13/02/19,12,16/02/19,"P",16/02/19
8442,28/02/19,5,25,02/03/19,"P",02/03/19
8447,02/08/18,2,7,04/08/18,"P",09/08/18
8447,17/08/18,3,6,20/08/18,"P",20/08/18
8447,01/09/18,4,5,04/09/18,"N",
8447,16/09/18,1,8,18/09/18,"N",
8447,01/10/18,2,7,03/10/18,"N",
8447,16/10/18,3,6,19/10/18,"N",
8447,31/10/18,4,5,03/11/18,"N",
8447,15/11/18,1,8,17/11/18,"P",17/11/18
8447,30/11/18,2,7,02/12/18,"P",07/12/18
8447,15/12/18,3,6,18/12/18,"P",18/12/18
8447,30/12/18,4,5,02/01/19,"P",07/01/19
8447,14/01/19,4,73,16/01/19,"P",16/01/19
8447,29/01/19,8,31/01/19,"P",31/01/19
8447,13/02/19,9,5,16/02/19,"N",
8447,28/02/19,12,03/03/19,"N",
8454,19/05/18,1,8,21/05/18,"P",21/05/18
8454,03/06/18,2,7,05/06/18,"N",
8454,18/06/18,3,6,21/06/18,"N",
8454,03/07/18,4,5,06/07/18,"N",
8454,18/07/18,1,8,20/07/18,"N",
8454,02/08/18,2,7,04/08/18,"P",09/08/18
8454,17/08/18,3,6,20/08/18,"P",20/08/18
8454,01/09/18,4,5,04/09/18,"P",04/09/18
8454,16/09/18,1,8,18/09/18,"P",23/09/18
8454,01/10/18,2,7,03/10/18,"P",03/10/18
8454,16/10/18,3,6,19/10/18,"P",24/10/18
8454,31/10/18,4,5,03/11/18,"P",03/11/18
8454,15/11/18,1,8,17/11/18,"N",
8454,30/11/18,2,7,02/12/18,"N",
8454,15/12/18,3,6,18/12/18,"N",
8454,30/12/18,4,5,02/01/19,"N",
8454,14/01/19,4,73,16/01/19,"P",16/01/19
8454,29/01/19,7,5,31/01/19,"P",31/01/19
8454,13/02/19,10,5,16/02/19,"P",16/02/19
8454,28/02/19,11,75,03/03/19,"P",03/03/19
8460,15/11/18,1,8,17/11/18,"N",
8460,30/11/18,2,7,02/12/18,"N",
8460,15/12/18,3,6,18/12/18,"N",
8460,30/12/18,4,5,02/01/19,"N",
8460,14/01/19,4,73,16/01/19,"P",16/01/19
8460,29/01/19,7,5,31/01/19,"P",31/01/19
8460,13/02/19,10,5,16/02/19,"P",16/02/19
8460,28/02/19,11,75,03/03/19,"P",03/03/19
8470,01/10/18,1,8,03/10/18,"P",03/10/18
8470,16/10/18,2,7,18/10/18,"P",18/10/18
8470,31/10/18,3,6,03/11/18,"P",03/11/18
8470,15/11/18,4,5,18/11/18,"P",18/11/18
8470,30/11/18,1,8,02/12/18,"P",02/12/18
8470,15/12/18,2,7,17/12/18,"P",17/12/18
8470,30/12/18,3,6,02/01/19,"P",02/01/19
8470,14/01/19,10,58,17/01/19,"N",
8470,29/01/19,5,25,31/01/19,"N",
8470,13/02/19,8,15/02/19,"P",15/02/19
8470,28/02/19,9,5,03/03/19,"P",03/03/19
8518,02/08/18,4,5,05/08/18,"N",
8518,17/08/18,1,8,19/08/18,"N",
8518,01/09/18,2,7,03/09/18,"P",09/09/18
8518,16/09/18,3,6,19/09/18,"P",19/09/18
8518,01/10/18,4,5,04/10/18,"P",10/10/18
8518,16/10/18,1,8,18/10/18,"P",18/10/18
8518,31/10/18,2,7,02/11/18,"P",02/11/18
8518,15/11/18,3,6,18/11/18,"P",24/11/18
8518,30/11/18,4,5,03/12/18,"P",03/12/18
8518,15/12/18,1,8,17/12/18,"P",23/12/18
8518,30/12/18,2,7,01/01/19,"P",01/01/19
8518,14/01/19,9,46,17/01/19,"N",
8518,29/01/19,11,75,01/02/19,"N",
8518,13/02/19,5,25,15/02/19,"P",15/02/19
8518,28/02/19,8,02/03/19,"P",02/03/19
8525,19/05/18,3,6,22/05/18,"N",
8525,03/06/18,4,5,06/06/18,"P",06/06/18
8525,18/06/18,1,8,20/06/18,"P",20/06/18
8525,03/07/18,2,7,05/07/18,"P",05/07/18
8525,18/07/18,3,6,21/07/18,"P",21/07/18
8525,02/08/18,4,5,05/08/18,"P",05/08/18
8525,17/08/18,1,8,19/08/18,"P",19/08/18
8525,01/09/18,2,7,03/09/18,"N",
8525,16/09/18,3,6,19/09/18,"N",
8525,01/10/18,4,5,04/10/18,"N",
8525,16/10/18,1,8,18/10/18,"N",
8525,31/10/18,2,7,02/11/18,"N",
8525,15/11/18,3,6,18/11/18,"P",24/11/18
8525,30/11/18,4,5,03/12/18,"P",03/12/18
8525,15/12/18,1,8,17/12/18,"P",23/12/18
8525,30/12/18,2,7,01/01/19,"P",01/01/19
8525,14/01/19,8,56,17/01/19,"P",17/01/19
8525,29/01/19,12,01/02/19,"P",07/02/19
8525,13/02/19,5,25,15/02/19,"N",
8525,28/02/19,7,5,02/03/19,"N",
8531,15/11/18,3,6,18/11/18,"P",18/11/18
8531,30/11/18,4,5,03/12/18,"P",08/12/18
8531,15/12/18,1,8,17/12/18,"P",17/12/18
8531,30/12/18,2,7,01/01/19,"P",06/01/19
8531,14/01/19,8,56,17/01/19,"P",17/01/19
8531,29/01/19,12,01/02/19,"P",01/02/19
8531,13/02/19,5,25,15/02/19,"N",
8531,28/02/19,7,5,02/03/19,"N",
8540,01/10/18,3,6,04/10/18,"N",
8540,16/10/18,4,5,19/10/18,"N",
8540,31/10/18,1,8,02/11/18,"N",
8540,15/11/18,2,7,17/11/18,"P",17/11/18
8540,30/11/18,3,6,03/12/18,"P",03/12/18
8540,15/12/18,4,5,18/12/18,"P",18/12/18
8540,30/12/18,1,8,01/01/19,"P",01/01/19
8540,14/01/19,6,75,16/01/19,"P",16/01/19
8540,29/01/19,10,5,01/02/19,"P",01/02/19
8540,13/02/19,11,75,16/02/19,"N",
8540,28/02/19,5,25,02/03/19,"N",
8808,02/08/18,2,7,04/08/18,"P",04/08/18
8808,17/08/18,3,6,20/08/18,"P",20/08/18
8808,01/09/18,4,5,04/09/18,"P",04/09/18
8808,16/09/18,1,8,18/09/18,"P",18/09/18
8808,01/10/18,2,7,03/10/18,"P",03/10/18
8808,16/10/18,3,6,19/10/18,"P",19/10/18
8808,31/10/18,4,5,03/11/18,"P",03/11/18
8808,15/11/18,1,8,17/11/18,"N",
8808,30/11/18,2,7,02/12/18,"N",
8808,15/12/18,3,6,18/12/18,"N",
8808,30/12/18,4,5,02/01/19,"N",
8808,14/01/19,5,67,16/01/19,"P",16/01/19
8808,29/01/19,9,31/01/19,"P",31/01/19
8808,13/02/19,12,6,16/02/19,"P",16/02/19
8808,28/02/19,14,1,03/03/19,"P",03/03/19
8839,19/05/18,1,8,21/05/18,"P",21/05/18
8839,03/06/18,2,7,05/06/18,"P",05/06/18
8839,18/06/18,3,6,21/06/18,"P",21/06/18
8839,03/07/18,4,5,06/07/18,"P",06/07/18
8839,18/07/18,1,8,20/07/18,"P",20/07/18
8839,02/08/18,2,7,04/08/18,"N",
8839,17/08/18,3,6,20/08/18,"N",
8839,01/09/18,4,5,04/09/18,"P",04/09/18
8839,16/09/18,1,8,18/09/18,"P",23/09/18
8839,01/10/18,2,7,03/10/18,"P",03/10/18
8839,16/10/18,3,6,19/10/18,"P",24/10/18
8839,31/10/18,4,5,03/11/18,"P",03/11/18
8839,15/11/18,1,8,17/11/18,"P",17/11/18
8839,30/11/18,2,7,02/12/18,"P",07/12/18
8839,15/12/18,3,6,18/12/18,"P",18/12/18
8839,30/12/18,4,5,02/01/19,"P",07/01/19
8839,14/01/19,5,67,16/01/19,"N",
8839,29/01/19,9,6,31/01/19,"N",
8839,13/02/19,11,4,16/02/19,"P",16/02/19
8839,28/02/19,14,4,03/03/19,"P",03/03/19
9034,31/10/18,1,8,02/11/18,"P",06/11/18
9034,15/11/18,2,7,17/11/18,"P",17/11/18
9034,30/11/18,3,6,03/12/18,"P",03/12/18
9034,15/12/18,4,5,18/12/18,"P",18/12/18
9034,30/12/18,1,8,01/01/19,"P",01/01/19
9034,14/01/19,8,64,16/01/19,"N",
9034,29/01/19,11,4,01/02/19,"N",
9034,13/02/19,14,4,16/02/19,"P",16/02/19
9034,28/02/19,6,3,02/03/19,"P",02/03/19
9066,17/08/18,2,7,19/08/18,"P",19/08/18
9066,01/09/18,3,6,04/09/18,"P",04/09/18
9066,16/09/18,4,5,19/09/18,"P",19/09/18
9066,01/10/18,1,8,03/10/18,"P",03/10/18
9066,16/10/18,2,7,18/10/18,"P",18/10/18
9066,31/10/18,3,6,03/11/18,"P",03/11/18
9066,15/11/18,4,5,18/11/18,"N",
9066,30/11/18,1,8,02/12/18,"N",
9066,15/12/18,2,7,17/12/18,"N",
9066,30/12/18,3,6,02/01/19,"N",
9066,14/01/19,12,69,17/01/19,"P",17/01/19
9066,29/01/19,6,3,31/01/19,"P",31/01/19
9066,13/02/19,9,6,15/02/19,"P",16/02/19
9066,28/02/19,11,4,03/03/19,"P",03/03/19
9147,18/06/18,4,5,21/06/18,"N",
9147,03/07/18,1,8,05/07/18,"N",
9147,18/07/18,2,7,20/07/18,"N",
9147,02/08/18,3,6,05/08/18,"P",10/08/18
9147,17/08/18,4,5,20/08/18,"P",20/08/18
9147,01/09/18,1,8,03/09/18,"P",03/09/18
9147,16/09/18,2,7,18/09/18,"P",23/09/18
9147,01/10/18,3,6,04/10/18,"P",04/10/18
9147,16/10/18,4,5,19/10/18,"P",24/10/18
9147,31/10/18,1,8,02/11/18,"P",02/11/18
9147,15/11/18,2,7,17/11/18,"N",
9147,30/11/18,3,6,03/12/18,"N",
9147,15/12/18,4,5,18/12/18,"N",
9147,30/12/18,1,8,01/01/19,"N",
9147,14/01/19,8,64,16/01/19,"P",16/01/19
9147,29/01/19,11,4,01/02/19,"P",01/02/19
9147,13/02/19,14,4,16/02/19,"P",16/02/19
9147,28/02/19,6,3,02/03/19,"P",02/03/19
9254,31/10/18,2,7,02/11/18,"N",
9254,15/11/18,3,6,18/11/18,"P",18/11/18
9254,30/11/18,4,5,03/12/18,"P",03/12/18
9254,15/12/18,1,8,17/12/18,"P",17/12/18
9254,30/12/18,2,7,01/01/19,"P",01/01/19
9254,14/01/19,10,26,17/01/19,"P",17/01/19
9254,29/01/19,14,4,01/02/19,"P",01/02/19
9254,13/02/19,6,3,15/02/19,"N",
9254,28/02/19,9,02/03/19,"N",
9428,17/08/18,3,6,20/08/18,"P",20/08/18
9428,01/09/18,4,5,04/09/18,"N",
9428,16/09/18,1,8,18/09/18,"N",
9428,01/10/18,2,7,03/10/18,"N",
9428,16/10/18,3,6,19/10/18,"N",
9428,31/10/18,4,5,03/11/18,"N",
9428,15/11/18,1,8,17/11/18,"P",23/11/18
9428,30/11/18,2,7,02/12/18,"P",02/12/18
9428,15/12/18,3,6,18/12/18,"P",24/12/18
9428,30/12/18,4,5,02/01/19,"P",02/01/19
9428,14/01/19,5,67,16/01/19,"P",16/01/19
9428,29/01/19,9,6,31/01/19,"P",06/02/19
9428,13/02/19,11,4,16/02/19,"N",
9428,28/02/19,14,4,03/03/19,"N",
9814,18/06/18,1,8,20/06/18,"P",20/06/18
9814,03/07/18,2,7,05/07/18,"P",05/07/18
9814,18/07/18,3,6,21/07/18,"P",21/07/18
9814,02/08/18,4,5,05/08/18,"N",
9814,17/08/18,1,8,19/08/18,"N",
9814,01/09/18,2,7,03/09/18,"P",03/09/18
9814,16/09/18,3,6,19/09/18,"P",19/09/18
9814,01/10/18,4,5,04/10/18,"P",04/10/18
9814,16/10/18,1,8,18/10/18,"P",18/10/18
9814,31/10/18,2,7,02/11/18,"P",02/11/18
9814,15/11/18,3,6,18/11/18,"P",18/11/18
9814,30/11/18,4,5,03/12/18,"P",03/12/18
9814,15/12/18,1,8,17/12/18,"P",17/12/18
9814,30/12/18,2,7,01/01/19,"P",01/01/19
9814,14/01/19,6,84,17/01/19,"N",
9814,29/01/19,9,6,01/02/19,"N",
9814,13/02/19,4,2,15/02/19,"P",15/02/19
9814,28/02/19,6,02/03/19,"P",02/03/19
9831,31/10/18,3,6,03/11/18,"P",03/11/18
9831,15/11/18,4,5,18/11/18,"N",
9831,30/11/18,1,8,02/12/18,"N",
9831,15/12/18,2,7,17/12/18,"N",
9831,30/12/18,3,6,02/01/19,"N",
9831,14/01/19,10,81,17/01/19,"P",17/01/19
9831,29/01/19,5,25,31/01/19,"P",31/01/19
9831,13/02/19,7,5,15/02/19,"P",15/02/19
9831,28/02/19,10,5,03/03/19,"P",03/03/19
9836,17/08/18,4,5,20/08/18,"P",20/08/18
9836,01/09/18,1,8,03/09/18,"N",
9836,16/09/18,2,7,18/09/18,"N",
9836,01/10/18,3,6,04/10/18,"N",
9836,16/10/18,4,5,19/10/18,"N",
9836,31/10/18,1,8,02/11/18,"N",
9836,15/11/18,2,7,17/11/18,"P",17/11/18
9836,30/11/18,3,6,03/12/18,"P",03/12/18
9836,15/12/18,4,5,18/12/18,"P",18/12/18
9836,30/12/18,1,8,01/01/19,"P",01/01/19
9836,14/01/19,7,21,16/01/19,"P",16/01/19
